period,msn,value,unit,date,year,month,type
1973-01,ZWCDPUS,5,Number,1973-01-01,1973,1,CDD
1973-02,ZWCDPUS,3,Number,1973-02-01,1973,2,CDD
1973-03,ZWCDPUS,19,Number,1973-03-01,1973,3,CDD
1973-04,ZWCDPUS,13,Number,1973-04-01,1973,4,CDD
1973-05,ZWCDPUS,62,Number,1973-05-01,1973,5,CDD
1973-06,ZWCDPUS,214,Number,1973-06-01,1973,6,CDD
1973-07,ZWCDPUS,297,Number,1973-07-01,1973,7,CDD
1973-08,ZWCDPUS,281,Number,1973-08-01,1973,8,CDD
1973-09,ZWCDPUS,143,Number,1973-09-01,1973,9,CDD
1973-10,ZWCDPUS,50,Number,1973-10-01,1973,10,CDD
1973-11,ZWCDPUS,17,Number,1973-11-01,1973,11,CDD
1973-12,ZWCDPUS,4,Number,1973-12-01,1973,12,CDD
1974-01,ZWCDPUS,15,Number,1974-01-01,1974,1,CDD
1974-02,ZWCDPUS,5,Number,1974-02-01,1974,2,CDD
1974-03,ZWCDPUS,22,Number,1974-03-01,1974,3,CDD
1974-04,ZWCDPUS,23,Number,1974-04-01,1974,4,CDD
1974-05,ZWCDPUS,88,Number,1974-05-01,1974,5,CDD
1974-06,ZWCDPUS,149,Number,1974-06-01,1974,6,CDD
1974-07,ZWCDPUS,297,Number,1974-07-01,1974,7,CDD
1974-08,ZWCDPUS,242,Number,1974-08-01,1974,8,CDD
1974-09,ZWCDPUS,97,Number,1974-09-01,1974,9,CDD
1974-10,ZWCDPUS,30,Number,1974-10-01,1974,10,CDD
1974-11,ZWCDPUS,8,Number,1974-11-01,1974,11,CDD
1974-12,ZWCDPUS,5,Number,1974-12-01,1974,12,CDD
1975-01,ZWCDPUS,10,Number,1975-01-01,1975,1,CDD
1975-02,ZWCDPUS,8,Number,1975-02-01,1975,2,CDD
1975-03,ZWCDPUS,11,Number,1975-03-01,1975,3,CDD
1975-04,ZWCDPUS,20,Number,1975-04-01,1975,4,CDD
1975-05,ZWCDPUS,106,Number,1975-05-01,1975,5,CDD
1975-06,ZWCDPUS,185,Number,1975-06-01,1975,6,CDD
1975-07,ZWCDPUS,282,Number,1975-07-01,1975,7,CDD
1975-08,ZWCDPUS,275,Number,1975-08-01,1975,8,CDD
1975-09,ZWCDPUS,99,Number,1975-09-01,1975,9,CDD
1975-10,ZWCDPUS,42,Number,1975-10-01,1975,10,CDD
1975-11,ZWCDPUS,10,Number,1975-11-01,1975,11,CDD
1975-12,ZWCDPUS,4,Number,1975-12-01,1975,12,CDD
1976-01,ZWCDPUS,4,Number,1976-01-01,1976,1,CDD
1976-02,ZWCDPUS,9,Number,1976-02-01,1976,2,CDD
1976-03,ZWCDPUS,19,Number,1976-03-01,1976,3,CDD
1976-04,ZWCDPUS,23,Number,1976-04-01,1976,4,CDD
1976-05,ZWCDPUS,56,Number,1976-05-01,1976,5,CDD
1976-06,ZWCDPUS,190,Number,1976-06-01,1976,6,CDD
1976-07,ZWCDPUS,264,Number,1976-07-01,1976,7,CDD
1976-08,ZWCDPUS,222,Number,1976-08-01,1976,8,CDD
1976-09,ZWCDPUS,107,Number,1976-09-01,1976,9,CDD
1976-10,ZWCDPUS,20,Number,1976-10-01,1976,10,CDD
1976-11,ZWCDPUS,6,Number,1976-11-01,1976,11,CDD
1976-12,ZWCDPUS,4,Number,1976-12-01,1976,12,CDD
1977-01,ZWCDPUS,2,Number,1977-01-01,1977,1,CDD
1977-02,ZWCDPUS,4,Number,1977-02-01,1977,2,CDD
1977-03,ZWCDPUS,18,Number,1977-03-01,1977,3,CDD
1977-04,ZWCDPUS,29,Number,1977-04-01,1977,4,CDD
1977-05,ZWCDPUS,114,Number,1977-05-01,1977,5,CDD
1977-06,ZWCDPUS,191,Number,1977-06-01,1977,6,CDD
1977-07,ZWCDPUS,334,Number,1977-07-01,1977,7,CDD
1977-08,ZWCDPUS,270,Number,1977-08-01,1977,8,CDD
1977-09,ZWCDPUS,158,Number,1977-09-01,1977,9,CDD
1977-10,ZWCDPUS,34,Number,1977-10-01,1977,10,CDD
1977-11,ZWCDPUS,13,Number,1977-11-01,1977,11,CDD
1977-12,ZWCDPUS,5,Number,1977-12-01,1977,12,CDD
1978-01,ZWCDPUS,3,Number,1978-01-01,1978,1,CDD
1978-02,ZWCDPUS,2,Number,1978-02-01,1978,2,CDD
1978-03,ZWCDPUS,9,Number,1978-03-01,1978,3,CDD
1978-04,ZWCDPUS,27,Number,1978-04-01,1978,4,CDD
1978-05,ZWCDPUS,82,Number,1978-05-01,1978,5,CDD
1978-06,ZWCDPUS,198,Number,1978-06-01,1978,6,CDD
1978-07,ZWCDPUS,291,Number,1978-07-01,1978,7,CDD
1978-08,ZWCDPUS,280,Number,1978-08-01,1978,8,CDD
1978-09,ZWCDPUS,159,Number,1978-09-01,1978,9,CDD
1978-10,ZWCDPUS,40,Number,1978-10-01,1978,10,CDD
1978-11,ZWCDPUS,17,Number,1978-11-01,1978,11,CDD
1978-12,ZWCDPUS,8,Number,1978-12-01,1978,12,CDD
1979-01,ZWCDPUS,3,Number,1979-01-01,1979,1,CDD
1979-02,ZWCDPUS,3,Number,1979-02-01,1979,2,CDD
1979-03,ZWCDPUS,12,Number,1979-03-01,1979,3,CDD
1979-04,ZWCDPUS,27,Number,1979-04-01,1979,4,CDD
1979-05,ZWCDPUS,73,Number,1979-05-01,1979,5,CDD
1979-06,ZWCDPUS,169,Number,1979-06-01,1979,6,CDD
1979-07,ZWCDPUS,277,Number,1979-07-01,1979,7,CDD
1979-08,ZWCDPUS,246,Number,1979-08-01,1979,8,CDD
1979-09,ZWCDPUS,137,Number,1979-09-01,1979,9,CDD
1979-10,ZWCDPUS,43,Number,1979-10-01,1979,10,CDD
1979-11,ZWCDPUS,10,Number,1979-11-01,1979,11,CDD
1979-12,ZWCDPUS,5,Number,1979-12-01,1979,12,CDD
1980-01,ZWCDPUS,6,Number,1980-01-01,1980,1,CDD
1980-02,ZWCDPUS,3,Number,1980-02-01,1980,2,CDD
1980-03,ZWCDPUS,12,Number,1980-03-01,1980,3,CDD
1980-04,ZWCDPUS,19,Number,1980-04-01,1980,4,CDD
1980-05,ZWCDPUS,87,Number,1980-05-01,1980,5,CDD
1980-06,ZWCDPUS,182,Number,1980-06-01,1980,6,CDD
1980-07,ZWCDPUS,359,Number,1980-07-01,1980,7,CDD
1980-08,ZWCDPUS,328,Number,1980-08-01,1980,8,CDD
1980-09,ZWCDPUS,174,Number,1980-09-01,1980,9,CDD
1980-10,ZWCDPUS,34,Number,1980-10-01,1980,10,CDD
1980-11,ZWCDPUS,9,Number,1980-11-01,1980,11,CDD
1980-12,ZWCDPUS,4,Number,1980-12-01,1980,12,CDD
1981-01,ZWCDPUS,3,Number,1981-01-01,1981,1,CDD
1981-02,ZWCDPUS,5,Number,1981-02-01,1981,2,CDD
1981-03,ZWCDPUS,9,Number,1981-03-01,1981,3,CDD
1981-04,ZWCDPUS,45,Number,1981-04-01,1981,4,CDD
1981-05,ZWCDPUS,67,Number,1981-05-01,1981,5,CDD
1981-06,ZWCDPUS,236,Number,1981-06-01,1981,6,CDD
1981-07,ZWCDPUS,316,Number,1981-07-01,1981,7,CDD
1981-08,ZWCDPUS,255,Number,1981-08-01,1981,8,CDD
1981-09,ZWCDPUS,121,Number,1981-09-01,1981,9,CDD
1981-10,ZWCDPUS,36,Number,1981-10-01,1981,10,CDD
1981-11,ZWCDPUS,11,Number,1981-11-01,1981,11,CDD
1981-12,ZWCDPUS,5,Number,1981-12-01,1981,12,CDD
1982-01,ZWCDPUS,6,Number,1982-01-01,1982,1,CDD
1982-02,ZWCDPUS,9,Number,1982-02-01,1982,2,CDD
1982-03,ZWCDPUS,19,Number,1982-03-01,1982,3,CDD
1982-04,ZWCDPUS,23,Number,1982-04-01,1982,4,CDD
1982-05,ZWCDPUS,108,Number,1982-05-01,1982,5,CDD
1982-06,ZWCDPUS,150,Number,1982-06-01,1982,6,CDD
1982-07,ZWCDPUS,302,Number,1982-07-01,1982,7,CDD
1982-08,ZWCDPUS,243,Number,1982-08-01,1982,8,CDD
1982-09,ZWCDPUS,124,Number,1982-09-01,1982,9,CDD
1982-10,ZWCDPUS,39,Number,1982-10-01,1982,10,CDD
1982-11,ZWCDPUS,14,Number,1982-11-01,1982,11,CDD
1982-12,ZWCDPUS,9,Number,1982-12-01,1982,12,CDD
1983-01,ZWCDPUS,4,Number,1983-01-01,1983,1,CDD
1983-02,ZWCDPUS,4,Number,1983-02-01,1983,2,CDD
1983-03,ZWCDPUS,9,Number,1983-03-01,1983,3,CDD
1983-04,ZWCDPUS,12,Number,1983-04-01,1983,4,CDD
1983-05,ZWCDPUS,66,Number,1983-05-01,1983,5,CDD
1983-06,ZWCDPUS,179,Number,1983-06-01,1983,6,CDD
1983-07,ZWCDPUS,338,Number,1983-07-01,1983,7,CDD
1983-08,ZWCDPUS,345,Number,1983-08-01,1983,8,CDD
1983-09,ZWCDPUS,154,Number,1983-09-01,1983,9,CDD
1983-10,ZWCDPUS,49,Number,1983-10-01,1983,10,CDD
1983-11,ZWCDPUS,12,Number,1983-11-01,1983,11,CDD
1983-12,ZWCDPUS,6,Number,1983-12-01,1983,12,CDD
1984-01,ZWCDPUS,5,Number,1984-01-01,1984,1,CDD
1984-02,ZWCDPUS,6,Number,1984-02-01,1984,2,CDD
1984-03,ZWCDPUS,13,Number,1984-03-01,1984,3,CDD
1984-04,ZWCDPUS,22,Number,1984-04-01,1984,4,CDD
1984-05,ZWCDPUS,85,Number,1984-05-01,1984,5,CDD
1984-06,ZWCDPUS,221,Number,1984-06-01,1984,6,CDD
1984-07,ZWCDPUS,279,Number,1984-07-01,1984,7,CDD
1984-08,ZWCDPUS,297,Number,1984-08-01,1984,8,CDD
1984-09,ZWCDPUS,128,Number,1984-09-01,1984,9,CDD
1984-10,ZWCDPUS,61,Number,1984-10-01,1984,10,CDD
1984-11,ZWCDPUS,10,Number,1984-11-01,1984,11,CDD
1984-12,ZWCDPUS,14,Number,1984-12-01,1984,12,CDD
1985-01,ZWCDPUS,3,Number,1985-01-01,1985,1,CDD
1985-02,ZWCDPUS,6,Number,1985-02-01,1985,2,CDD
1985-03,ZWCDPUS,21,Number,1985-03-01,1985,3,CDD
1985-04,ZWCDPUS,35,Number,1985-04-01,1985,4,CDD
1985-05,ZWCDPUS,103,Number,1985-05-01,1985,5,CDD
1985-06,ZWCDPUS,181,Number,1985-06-01,1985,6,CDD
1985-07,ZWCDPUS,300,Number,1985-07-01,1985,7,CDD
1985-08,ZWCDPUS,254,Number,1985-08-01,1985,8,CDD
1985-09,ZWCDPUS,133,Number,1985-09-01,1985,9,CDD
1985-10,ZWCDPUS,60,Number,1985-10-01,1985,10,CDD
1985-11,ZWCDPUS,24,Number,1985-11-01,1985,11,CDD
1985-12,ZWCDPUS,4,Number,1985-12-01,1985,12,CDD
1986-01,ZWCDPUS,7,Number,1986-01-01,1986,1,CDD
1986-02,ZWCDPUS,10,Number,1986-02-01,1986,2,CDD
1986-03,ZWCDPUS,16,Number,1986-03-01,1986,3,CDD
1986-04,ZWCDPUS,31,Number,1986-04-01,1986,4,CDD
1986-05,ZWCDPUS,100,Number,1986-05-01,1986,5,CDD
1986-06,ZWCDPUS,218,Number,1986-06-01,1986,6,CDD
1986-07,ZWCDPUS,329,Number,1986-07-01,1986,7,CDD
1986-08,ZWCDPUS,245,Number,1986-08-01,1986,8,CDD
1986-09,ZWCDPUS,150,Number,1986-09-01,1986,9,CDD
1986-10,ZWCDPUS,45,Number,1986-10-01,1986,10,CDD
1986-11,ZWCDPUS,23,Number,1986-11-01,1986,11,CDD
1986-12,ZWCDPUS,9,Number,1986-12-01,1986,12,CDD
1987-01,ZWCDPUS,5,Number,1987-01-01,1987,1,CDD
1987-02,ZWCDPUS,7,Number,1987-02-01,1987,2,CDD
1987-03,ZWCDPUS,12,Number,1987-03-01,1987,3,CDD
1987-04,ZWCDPUS,20,Number,1987-04-01,1987,4,CDD
1987-05,ZWCDPUS,121,Number,1987-05-01,1987,5,CDD
1987-06,ZWCDPUS,232,Number,1987-06-01,1987,6,CDD
1987-07,ZWCDPUS,324,Number,1987-07-01,1987,7,CDD
1987-08,ZWCDPUS,287,Number,1987-08-01,1987,8,CDD
1987-09,ZWCDPUS,144,Number,1987-09-01,1987,9,CDD
1987-10,ZWCDPUS,36,Number,1987-10-01,1987,10,CDD
1987-11,ZWCDPUS,14,Number,1987-11-01,1987,11,CDD
1987-12,ZWCDPUS,8,Number,1987-12-01,1987,12,CDD
1988-01,ZWCDPUS,5,Number,1988-01-01,1988,1,CDD
1988-02,ZWCDPUS,5,Number,1988-02-01,1988,2,CDD
1988-03,ZWCDPUS,13,Number,1988-03-01,1988,3,CDD
1988-04,ZWCDPUS,26,Number,1988-04-01,1988,4,CDD
1988-05,ZWCDPUS,86,Number,1988-05-01,1988,5,CDD
1988-06,ZWCDPUS,207,Number,1988-06-01,1988,6,CDD
1988-07,ZWCDPUS,349,Number,1988-07-01,1988,7,CDD
1988-08,ZWCDPUS,335,Number,1988-08-01,1988,8,CDD
1988-09,ZWCDPUS,140,Number,1988-09-01,1988,9,CDD
1988-10,ZWCDPUS,41,Number,1988-10-01,1988,10,CDD
1988-11,ZWCDPUS,19,Number,1988-11-01,1988,11,CDD
1988-12,ZWCDPUS,7,Number,1988-12-01,1988,12,CDD
1989-01,ZWCDPUS,14,Number,1989-01-01,1989,1,CDD
1989-02,ZWCDPUS,7,Number,1989-02-01,1989,2,CDD
1989-03,ZWCDPUS,19,Number,1989-03-01,1989,3,CDD
1989-04,ZWCDPUS,33,Number,1989-04-01,1989,4,CDD
1989-05,ZWCDPUS,85,Number,1989-05-01,1989,5,CDD
1989-06,ZWCDPUS,197,Number,1989-06-01,1989,6,CDD
1989-07,ZWCDPUS,303,Number,1989-07-01,1989,7,CDD
1989-08,ZWCDPUS,254,Number,1989-08-01,1989,8,CDD
1989-09,ZWCDPUS,128,Number,1989-09-01,1989,9,CDD
1989-10,ZWCDPUS,44,Number,1989-10-01,1989,10,CDD
1989-11,ZWCDPUS,16,Number,1989-11-01,1989,11,CDD
1989-12,ZWCDPUS,3,Number,1989-12-01,1989,12,CDD
1990-01,ZWCDPUS,14,Number,1990-01-01,1990,1,CDD
1990-02,ZWCDPUS,14,Number,1990-02-01,1990,2,CDD
1990-03,ZWCDPUS,20,Number,1990-03-01,1990,3,CDD
1990-04,ZWCDPUS,28,Number,1990-04-01,1990,4,CDD
1990-05,ZWCDPUS,83,Number,1990-05-01,1990,5,CDD
1990-06,ZWCDPUS,221,Number,1990-06-01,1990,6,CDD
1990-07,ZWCDPUS,305,Number,1990-07-01,1990,7,CDD
1990-08,ZWCDPUS,279,Number,1990-08-01,1990,8,CDD
1990-09,ZWCDPUS,160,Number,1990-09-01,1990,9,CDD
1990-10,ZWCDPUS,51,Number,1990-10-01,1990,10,CDD
1990-11,ZWCDPUS,17,Number,1990-11-01,1990,11,CDD
1990-12,ZWCDPUS,10,Number,1990-12-01,1990,12,CDD
1991-01,ZWCDPUS,10,Number,1991-01-01,1991,1,CDD
1991-02,ZWCDPUS,9,Number,1991-02-01,1991,2,CDD
1991-03,ZWCDPUS,20,Number,1991-03-01,1991,3,CDD
1991-04,ZWCDPUS,41,Number,1991-04-01,1991,4,CDD
1991-05,ZWCDPUS,142,Number,1991-05-01,1991,5,CDD
1991-06,ZWCDPUS,224,Number,1991-06-01,1991,6,CDD
1991-07,ZWCDPUS,325,Number,1991-07-01,1991,7,CDD
1991-08,ZWCDPUS,292,Number,1991-08-01,1991,8,CDD
1991-09,ZWCDPUS,142,Number,1991-09-01,1991,9,CDD
1991-10,ZWCDPUS,57,Number,1991-10-01,1991,10,CDD
1991-11,ZWCDPUS,10,Number,1991-11-01,1991,11,CDD
1991-12,ZWCDPUS,10,Number,1991-12-01,1991,12,CDD
1992-01,ZWCDPUS,6,Number,1992-01-01,1992,1,CDD
1992-02,ZWCDPUS,10,Number,1992-02-01,1992,2,CDD
1992-03,ZWCDPUS,16,Number,1992-03-01,1992,3,CDD
1992-04,ZWCDPUS,27,Number,1992-04-01,1992,4,CDD
1992-05,ZWCDPUS,75,Number,1992-05-01,1992,5,CDD
1992-06,ZWCDPUS,162,Number,1992-06-01,1992,6,CDD
1992-07,ZWCDPUS,276,Number,1992-07-01,1992,7,CDD
1992-08,ZWCDPUS,220,Number,1992-08-01,1992,8,CDD
1992-09,ZWCDPUS,142,Number,1992-09-01,1992,9,CDD
1992-10,ZWCDPUS,45,Number,1992-10-01,1992,10,CDD
1992-11,ZWCDPUS,14,Number,1992-11-01,1992,11,CDD
1992-12,ZWCDPUS,8,Number,1992-12-01,1992,12,CDD
1993-01,ZWCDPUS,12,Number,1993-01-01,1993,1,CDD
1993-02,ZWCDPUS,6,Number,1993-02-01,1993,2,CDD
1993-03,ZWCDPUS,11,Number,1993-03-01,1993,3,CDD
1993-04,ZWCDPUS,18,Number,1993-04-01,1993,4,CDD
1993-05,ZWCDPUS,87,Number,1993-05-01,1993,5,CDD
1993-06,ZWCDPUS,196,Number,1993-06-01,1993,6,CDD
1993-07,ZWCDPUS,334,Number,1993-07-01,1993,7,CDD
1993-08,ZWCDPUS,304,Number,1993-08-01,1993,8,CDD
1993-09,ZWCDPUS,139,Number,1993-09-01,1993,9,CDD
1993-10,ZWCDPUS,44,Number,1993-10-01,1993,10,CDD
1993-11,ZWCDPUS,12,Number,1993-11-01,1993,11,CDD
1993-12,ZWCDPUS,5,Number,1993-12-01,1993,12,CDD
1994-01,ZWCDPUS,7,Number,1994-01-01,1994,1,CDD
1994-02,ZWCDPUS,10,Number,1994-02-01,1994,2,CDD
1994-03,ZWCDPUS,18,Number,1994-03-01,1994,3,CDD
1994-04,ZWCDPUS,37,Number,1994-04-01,1994,4,CDD
1994-05,ZWCDPUS,76,Number,1994-05-01,1994,5,CDD
1994-06,ZWCDPUS,252,Number,1994-06-01,1994,6,CDD
1994-07,ZWCDPUS,318,Number,1994-07-01,1994,7,CDD
1994-08,ZWCDPUS,254,Number,1994-08-01,1994,8,CDD
1994-09,ZWCDPUS,133,Number,1994-09-01,1994,9,CDD
1994-10,ZWCDPUS,47,Number,1994-10-01,1994,10,CDD
1994-11,ZWCDPUS,23,Number,1994-11-01,1994,11,CDD
1994-12,ZWCDPUS,10,Number,1994-12-01,1994,12,CDD
1995-01,ZWCDPUS,7,Number,1995-01-01,1995,1,CDD
1995-02,ZWCDPUS,8,Number,1995-02-01,1995,2,CDD
1995-03,ZWCDPUS,19,Number,1995-03-01,1995,3,CDD
1995-04,ZWCDPUS,29,Number,1995-04-01,1995,4,CDD
1995-05,ZWCDPUS,92,Number,1995-05-01,1995,5,CDD
1995-06,ZWCDPUS,194,Number,1995-06-01,1995,6,CDD
1995-07,ZWCDPUS,339,Number,1995-07-01,1995,7,CDD
1995-08,ZWCDPUS,352,Number,1995-08-01,1995,8,CDD
1995-09,ZWCDPUS,144,Number,1995-09-01,1995,9,CDD
1995-10,ZWCDPUS,58,Number,1995-10-01,1995,10,CDD
1995-11,ZWCDPUS,14,Number,1995-11-01,1995,11,CDD
1995-12,ZWCDPUS,6,Number,1995-12-01,1995,12,CDD
1996-01,ZWCDPUS,7,Number,1996-01-01,1996,1,CDD
1996-02,ZWCDPUS,7,Number,1996-02-01,1996,2,CDD
1996-03,ZWCDPUS,9,Number,1996-03-01,1996,3,CDD
1996-04,ZWCDPUS,26,Number,1996-04-01,1996,4,CDD
1996-05,ZWCDPUS,117,Number,1996-05-01,1996,5,CDD
1996-06,ZWCDPUS,219,Number,1996-06-01,1996,6,CDD
1996-07,ZWCDPUS,296,Number,1996-07-01,1996,7,CDD
1996-08,ZWCDPUS,281,Number,1996-08-01,1996,8,CDD
1996-09,ZWCDPUS,133,Number,1996-09-01,1996,9,CDD
1996-10,ZWCDPUS,45,Number,1996-10-01,1996,10,CDD
1996-11,ZWCDPUS,15,Number,1996-11-01,1996,11,CDD
1996-12,ZWCDPUS,8,Number,1996-12-01,1996,12,CDD
1997-01,ZWCDPUS,8,Number,1997-01-01,1997,1,CDD
1997-02,ZWCDPUS,12,Number,1997-02-01,1997,2,CDD
1997-03,ZWCDPUS,31,Number,1997-03-01,1997,3,CDD
1997-04,ZWCDPUS,20,Number,1997-04-01,1997,4,CDD
1997-05,ZWCDPUS,82,Number,1997-05-01,1997,5,CDD
1997-06,ZWCDPUS,183,Number,1997-06-01,1997,6,CDD
1997-07,ZWCDPUS,308,Number,1997-07-01,1997,7,CDD
1997-08,ZWCDPUS,263,Number,1997-08-01,1997,8,CDD
1997-09,ZWCDPUS,165,Number,1997-09-01,1997,9,CDD
1997-10,ZWCDPUS,46,Number,1997-10-01,1997,10,CDD
1997-11,ZWCDPUS,11,Number,1997-11-01,1997,11,CDD
1997-12,ZWCDPUS,6,Number,1997-12-01,1997,12,CDD
1998-01,ZWCDPUS,12,Number,1998-01-01,1998,1,CDD
1998-02,ZWCDPUS,7,Number,1998-02-01,1998,2,CDD
1998-03,ZWCDPUS,11,Number,1998-03-01,1998,3,CDD
1998-04,ZWCDPUS,24,Number,1998-04-01,1998,4,CDD
1998-05,ZWCDPUS,135,Number,1998-05-01,1998,5,CDD
1998-06,ZWCDPUS,223,Number,1998-06-01,1998,6,CDD
1998-07,ZWCDPUS,345,Number,1998-07-01,1998,7,CDD
1998-08,ZWCDPUS,332,Number,1998-08-01,1998,8,CDD
1998-09,ZWCDPUS,207,Number,1998-09-01,1998,9,CDD
1998-10,ZWCDPUS,60,Number,1998-10-01,1998,10,CDD
1998-11,ZWCDPUS,22,Number,1998-11-01,1998,11,CDD
1998-12,ZWCDPUS,12,Number,1998-12-01,1998,12,CDD
1999-01,ZWCDPUS,12,Number,1999-01-01,1999,1,CDD
1999-02,ZWCDPUS,12,Number,1999-02-01,1999,2,CDD
1999-03,ZWCDPUS,14,Number,1999-03-01,1999,3,CDD
1999-04,ZWCDPUS,42,Number,1999-04-01,1999,4,CDD
1999-05,ZWCDPUS,95,Number,1999-05-01,1999,5,CDD
1999-06,ZWCDPUS,213,Number,1999-06-01,1999,6,CDD
1999-07,ZWCDPUS,364,Number,1999-07-01,1999,7,CDD
1999-08,ZWCDPUS,300,Number,1999-08-01,1999,8,CDD
1999-09,ZWCDPUS,150,Number,1999-09-01,1999,9,CDD
1999-10,ZWCDPUS,55,Number,1999-10-01,1999,10,CDD
1999-11,ZWCDPUS,19,Number,1999-11-01,1999,11,CDD
1999-12,ZWCDPUS,7,Number,1999-12-01,1999,12,CDD
2000-01,ZWCDPUS,9,Number,2000-01-01,2000,1,CDD
2000-02,ZWCDPUS,11,Number,2000-02-01,2000,2,CDD
2000-03,ZWCDPUS,28,Number,2000-03-01,2000,3,CDD
2000-04,ZWCDPUS,29,Number,2000-04-01,2000,4,CDD
2000-05,ZWCDPUS,135,Number,2000-05-01,2000,5,CDD
2000-06,ZWCDPUS,218,Number,2000-06-01,2000,6,CDD
2000-07,ZWCDPUS,283,Number,2000-07-01,2000,7,CDD
2000-08,ZWCDPUS,300,Number,2000-08-01,2000,8,CDD
2000-09,ZWCDPUS,154,Number,2000-09-01,2000,9,CDD
2000-10,ZWCDPUS,50,Number,2000-10-01,2000,10,CDD
2000-11,ZWCDPUS,10,Number,2000-11-01,2000,11,CDD
2000-12,ZWCDPUS,5,Number,2000-12-01,2000,12,CDD
2001-01,ZWCDPUS,4,Number,2001-01-01,2001,1,CDD
2001-02,ZWCDPUS,14,Number,2001-02-01,2001,2,CDD
2001-03,ZWCDPUS,13,Number,2001-03-01,2001,3,CDD
2001-04,ZWCDPUS,40,Number,2001-04-01,2001,4,CDD
2001-05,ZWCDPUS,118,Number,2001-05-01,2001,5,CDD
2001-06,ZWCDPUS,218,Number,2001-06-01,2001,6,CDD
2001-07,ZWCDPUS,301,Number,2001-07-01,2001,7,CDD
2001-08,ZWCDPUS,330,Number,2001-08-01,2001,8,CDD
2001-09,ZWCDPUS,138,Number,2001-09-01,2001,9,CDD
2001-10,ZWCDPUS,46,Number,2001-10-01,2001,10,CDD
2001-11,ZWCDPUS,22,Number,2001-11-01,2001,11,CDD
2001-12,ZWCDPUS,12,Number,2001-12-01,2001,12,CDD
2002-01,ZWCDPUS,10,Number,2002-01-01,2002,1,CDD
2002-02,ZWCDPUS,7,Number,2002-02-01,2002,2,CDD
2002-03,ZWCDPUS,18,Number,2002-03-01,2002,3,CDD
2002-04,ZWCDPUS,52,Number,2002-04-01,2002,4,CDD
2002-05,ZWCDPUS,90,Number,2002-05-01,2002,5,CDD
2002-06,ZWCDPUS,236,Number,2002-06-01,2002,6,CDD
2002-07,ZWCDPUS,362,Number,2002-07-01,2002,7,CDD
2002-08,ZWCDPUS,322,Number,2002-08-01,2002,8,CDD
2002-09,ZWCDPUS,195,Number,2002-09-01,2002,9,CDD
2002-10,ZWCDPUS,56,Number,2002-10-01,2002,10,CDD
2002-11,ZWCDPUS,12,Number,2002-11-01,2002,11,CDD
2002-12,ZWCDPUS,6,Number,2002-12-01,2002,12,CDD
2003-01,ZWCDPUS,5,Number,2003-01-01,2003,1,CDD
2003-02,ZWCDPUS,9,Number,2003-02-01,2003,2,CDD
2003-03,ZWCDPUS,25,Number,2003-03-01,2003,3,CDD
2003-04,ZWCDPUS,31,Number,2003-04-01,2003,4,CDD
2003-05,ZWCDPUS,108,Number,2003-05-01,2003,5,CDD
2003-06,ZWCDPUS,182,Number,2003-06-01,2003,6,CDD
2003-07,ZWCDPUS,331,Number,2003-07-01,2003,7,CDD
2003-08,ZWCDPUS,335,Number,2003-08-01,2003,8,CDD
2003-09,ZWCDPUS,152,Number,2003-09-01,2003,9,CDD
2003-10,ZWCDPUS,64,Number,2003-10-01,2003,10,CDD
2003-11,ZWCDPUS,23,Number,2003-11-01,2003,11,CDD
2003-12,ZWCDPUS,5,Number,2003-12-01,2003,12,CDD
2004-01,ZWCDPUS,7,Number,2004-01-01,2004,1,CDD
2004-02,ZWCDPUS,8,Number,2004-02-01,2004,2,CDD
2004-03,ZWCDPUS,29,Number,2004-03-01,2004,3,CDD
2004-04,ZWCDPUS,29,Number,2004-04-01,2004,4,CDD
2004-05,ZWCDPUS,135,Number,2004-05-01,2004,5,CDD
2004-06,ZWCDPUS,202,Number,2004-06-01,2004,6,CDD
2004-07,ZWCDPUS,295,Number,2004-07-01,2004,7,CDD
2004-08,ZWCDPUS,248,Number,2004-08-01,2004,8,CDD
2004-09,ZWCDPUS,171,Number,2004-09-01,2004,9,CDD
2004-10,ZWCDPUS,68,Number,2004-10-01,2004,10,CDD
2004-11,ZWCDPUS,19,Number,2004-11-01,2004,11,CDD
2004-12,ZWCDPUS,6,Number,2004-12-01,2004,12,CDD
2005-01,ZWCDPUS,11,Number,2005-01-01,2005,1,CDD
2005-02,ZWCDPUS,9,Number,2005-02-01,2005,2,CDD
2005-03,ZWCDPUS,14,Number,2005-03-01,2005,3,CDD
2005-04,ZWCDPUS,25,Number,2005-04-01,2005,4,CDD
2005-05,ZWCDPUS,83,Number,2005-05-01,2005,5,CDD
2005-06,ZWCDPUS,244,Number,2005-06-01,2005,6,CDD
2005-07,ZWCDPUS,365,Number,2005-07-01,2005,7,CDD
2005-08,ZWCDPUS,345,Number,2005-08-01,2005,8,CDD
2005-09,ZWCDPUS,209,Number,2005-09-01,2005,9,CDD
2005-10,ZWCDPUS,56,Number,2005-10-01,2005,10,CDD
2005-11,ZWCDPUS,21,Number,2005-11-01,2005,11,CDD
2005-12,ZWCDPUS,6,Number,2005-12-01,2005,12,CDD
2006-01,ZWCDPUS,14,Number,2006-01-01,2006,1,CDD
2006-02,ZWCDPUS,6,Number,2006-02-01,2006,2,CDD
2006-03,ZWCDPUS,21,Number,2006-03-01,2006,3,CDD
2006-04,ZWCDPUS,55,Number,2006-04-01,2006,4,CDD
2006-05,ZWCDPUS,109,Number,2006-05-01,2006,5,CDD
2006-06,ZWCDPUS,233,Number,2006-06-01,2006,6,CDD
2006-07,ZWCDPUS,382,Number,2006-07-01,2006,7,CDD
2006-08,ZWCDPUS,330,Number,2006-08-01,2006,8,CDD
2006-09,ZWCDPUS,134,Number,2006-09-01,2006,9,CDD
2006-10,ZWCDPUS,47,Number,2006-10-01,2006,10,CDD
2006-11,ZWCDPUS,15,Number,2006-11-01,2006,11,CDD
2006-12,ZWCDPUS,13,Number,2006-12-01,2006,12,CDD
2007-01,ZWCDPUS,12,Number,2007-01-01,2007,1,CDD
2007-02,ZWCDPUS,6,Number,2007-02-01,2007,2,CDD
2007-03,ZWCDPUS,31,Number,2007-03-01,2007,3,CDD
2007-04,ZWCDPUS,25,Number,2007-04-01,2007,4,CDD
2007-05,ZWCDPUS,118,Number,2007-05-01,2007,5,CDD
2007-06,ZWCDPUS,232,Number,2007-06-01,2007,6,CDD
2007-07,ZWCDPUS,307,Number,2007-07-01,2007,7,CDD
2007-08,ZWCDPUS,362,Number,2007-08-01,2007,8,CDD
2007-09,ZWCDPUS,187,Number,2007-09-01,2007,9,CDD
2007-10,ZWCDPUS,81,Number,2007-10-01,2007,10,CDD
2007-11,ZWCDPUS,18,Number,2007-11-01,2007,11,CDD
2007-12,ZWCDPUS,14,Number,2007-12-01,2007,12,CDD
2008-01,ZWCDPUS,8,Number,2008-01-01,2008,1,CDD
2008-02,ZWCDPUS,13,Number,2008-02-01,2008,2,CDD
2008-03,ZWCDPUS,20,Number,2008-03-01,2008,3,CDD
2008-04,ZWCDPUS,32,Number,2008-04-01,2008,4,CDD
2008-05,ZWCDPUS,93,Number,2008-05-01,2008,5,CDD
2008-06,ZWCDPUS,262,Number,2008-06-01,2008,6,CDD
2008-07,ZWCDPUS,332,Number,2008-07-01,2008,7,CDD
2008-08,ZWCDPUS,282,Number,2008-08-01,2008,8,CDD
2008-09,ZWCDPUS,171,Number,2008-09-01,2008,9,CDD
2008-10,ZWCDPUS,49,Number,2008-10-01,2008,10,CDD
2008-11,ZWCDPUS,13,Number,2008-11-01,2008,11,CDD
2008-12,ZWCDPUS,10,Number,2008-12-01,2008,12,CDD
2009-01,ZWCDPUS,8,Number,2009-01-01,2009,1,CDD
2009-02,ZWCDPUS,9,Number,2009-02-01,2009,2,CDD
2009-03,ZWCDPUS,20,Number,2009-03-01,2009,3,CDD
2009-04,ZWCDPUS,30,Number,2009-04-01,2009,4,CDD
2009-05,ZWCDPUS,118,Number,2009-05-01,2009,5,CDD
2009-06,ZWCDPUS,222,Number,2009-06-01,2009,6,CDD
2009-07,ZWCDPUS,287,Number,2009-07-01,2009,7,CDD
2009-08,ZWCDPUS,304,Number,2009-08-01,2009,8,CDD
2009-09,ZWCDPUS,169,Number,2009-09-01,2009,9,CDD
2009-10,ZWCDPUS,49,Number,2009-10-01,2009,10,CDD
2009-11,ZWCDPUS,18,Number,2009-11-01,2009,11,CDD
2009-12,ZWCDPUS,8,Number,2009-12-01,2009,12,CDD
2010-01,ZWCDPUS,4,Number,2010-01-01,2010,1,CDD
2010-02,ZWCDPUS,3,Number,2010-02-01,2010,2,CDD
2010-03,ZWCDPUS,9,Number,2010-03-01,2010,3,CDD
2010-04,ZWCDPUS,36,Number,2010-04-01,2010,4,CDD
2010-05,ZWCDPUS,128,Number,2010-05-01,2010,5,CDD
2010-06,ZWCDPUS,283,Number,2010-06-01,2010,6,CDD
2010-07,ZWCDPUS,375,Number,2010-07-01,2010,7,CDD
2010-08,ZWCDPUS,352,Number,2010-08-01,2010,8,CDD
2010-09,ZWCDPUS,195,Number,2010-09-01,2010,9,CDD
2010-10,ZWCDPUS,55,Number,2010-10-01,2010,10,CDD
2010-11,ZWCDPUS,15,Number,2010-11-01,2010,11,CDD
2010-12,ZWCDPUS,3,Number,2010-12-01,2010,12,CDD
2011-01,ZWCDPUS,6,Number,2011-01-01,2011,1,CDD
2011-02,ZWCDPUS,9,Number,2011-02-01,2011,2,CDD
2011-03,ZWCDPUS,25,Number,2011-03-01,2011,3,CDD
2011-04,ZWCDPUS,54,Number,2011-04-01,2011,4,CDD
2011-05,ZWCDPUS,107,Number,2011-05-01,2011,5,CDD
2011-06,ZWCDPUS,259,Number,2011-06-01,2011,6,CDD
2011-07,ZWCDPUS,405,Number,2011-07-01,2011,7,CDD
2011-08,ZWCDPUS,350,Number,2011-08-01,2011,8,CDD
2011-09,ZWCDPUS,175,Number,2011-09-01,2011,9,CDD
2011-10,ZWCDPUS,50,Number,2011-10-01,2011,10,CDD
2011-11,ZWCDPUS,18,Number,2011-11-01,2011,11,CDD
2011-12,ZWCDPUS,11,Number,2011-12-01,2011,12,CDD
2012-01,ZWCDPUS,12,Number,2012-01-01,2012,1,CDD
2012-02,ZWCDPUS,13,Number,2012-02-01,2012,2,CDD
2012-03,ZWCDPUS,49,Number,2012-03-01,2012,3,CDD
2012-04,ZWCDPUS,49,Number,2012-04-01,2012,4,CDD
2012-05,ZWCDPUS,155,Number,2012-05-01,2012,5,CDD
2012-06,ZWCDPUS,233,Number,2012-06-01,2012,6,CDD
2012-07,ZWCDPUS,402,Number,2012-07-01,2012,7,CDD
2012-08,ZWCDPUS,328,Number,2012-08-01,2012,8,CDD
2012-09,ZWCDPUS,174,Number,2012-09-01,2012,9,CDD
2012-10,ZWCDPUS,55,Number,2012-10-01,2012,10,CDD
2012-11,ZWCDPUS,14,Number,2012-11-01,2012,11,CDD
2012-12,ZWCDPUS,11,Number,2012-12-01,2012,12,CDD
2013-01,ZWCDPUS,15,Number,2013-01-01,2013,1,CDD
2013-02,ZWCDPUS,11,Number,2013-02-01,2013,2,CDD
2013-03,ZWCDPUS,11,Number,2013-03-01,2013,3,CDD
2013-04,ZWCDPUS,34,Number,2013-04-01,2013,4,CDD
2013-05,ZWCDPUS,99,Number,2013-05-01,2013,5,CDD
2013-06,ZWCDPUS,244,Number,2013-06-01,2013,6,CDD
2013-07,ZWCDPUS,338,Number,2013-07-01,2013,7,CDD
2013-08,ZWCDPUS,288,Number,2013-08-01,2013,8,CDD
2013-09,ZWCDPUS,177,Number,2013-09-01,2013,9,CDD
2013-10,ZWCDPUS,56,Number,2013-10-01,2013,10,CDD
2013-11,ZWCDPUS,18,Number,2013-11-01,2013,11,CDD
2013-12,ZWCDPUS,13,Number,2013-12-01,2013,12,CDD
2014-01,ZWCDPUS,7,Number,2014-01-01,2014,1,CDD
2014-02,ZWCDPUS,12,Number,2014-02-01,2014,2,CDD
2014-03,ZWCDPUS,15,Number,2014-03-01,2014,3,CDD
2014-04,ZWCDPUS,37,Number,2014-04-01,2014,4,CDD
2014-05,ZWCDPUS,113,Number,2014-05-01,2014,5,CDD
2014-06,ZWCDPUS,242,Number,2014-06-01,2014,6,CDD
2014-07,ZWCDPUS,301,Number,2014-07-01,2014,7,CDD
2014-08,ZWCDPUS,292,Number,2014-08-01,2014,8,CDD
2014-09,ZWCDPUS,182,Number,2014-09-01,2014,9,CDD
2014-10,ZWCDPUS,74,Number,2014-10-01,2014,10,CDD
2014-11,ZWCDPUS,11,Number,2014-11-01,2014,11,CDD
2014-12,ZWCDPUS,10,Number,2014-12-01,2014,12,CDD
2015-01,ZWCDPUS,9,Number,2015-01-01,2015,1,CDD
2015-02,ZWCDPUS,7,Number,2015-02-01,2015,2,CDD
2015-03,ZWCDPUS,29,Number,2015-03-01,2015,3,CDD
2015-04,ZWCDPUS,53,Number,2015-04-01,2015,4,CDD
2015-05,ZWCDPUS,126,Number,2015-05-01,2015,5,CDD
2015-06,ZWCDPUS,254,Number,2015-06-01,2015,6,CDD
2015-07,ZWCDPUS,336,Number,2015-07-01,2015,7,CDD
2015-08,ZWCDPUS,315,Number,2015-08-01,2015,8,CDD
2015-09,ZWCDPUS,223,Number,2015-09-01,2015,9,CDD
2015-10,ZWCDPUS,76,Number,2015-10-01,2015,10,CDD
2015-11,ZWCDPUS,30,Number,2015-11-01,2015,11,CDD
2015-12,ZWCDPUS,26,Number,2015-12-01,2015,12,CDD
2016-01,ZWCDPUS,7,Number,2016-01-01,2016,1,CDD
2016-02,ZWCDPUS,11,Number,2016-02-01,2016,2,CDD
2016-03,ZWCDPUS,35,Number,2016-03-01,2016,3,CDD
2016-04,ZWCDPUS,42,Number,2016-04-01,2016,4,CDD
2016-05,ZWCDPUS,97,Number,2016-05-01,2016,5,CDD
2016-06,ZWCDPUS,270,Number,2016-06-01,2016,6,CDD
2016-07,ZWCDPUS,383,Number,2016-07-01,2016,7,CDD
2016-08,ZWCDPUS,362,Number,2016-08-01,2016,8,CDD
2016-09,ZWCDPUS,219,Number,2016-09-01,2016,9,CDD
2016-10,ZWCDPUS,86,Number,2016-10-01,2016,10,CDD
2016-11,ZWCDPUS,25,Number,2016-11-01,2016,11,CDD
2016-12,ZWCDPUS,16,Number,2016-12-01,2016,12,CDD
2017-01,ZWCDPUS,17,Number,2017-01-01,2017,1,CDD
2017-02,ZWCDPUS,21,Number,2017-02-01,2017,2,CDD
2017-03,ZWCDPUS,32,Number,2017-03-01,2017,3,CDD
2017-04,ZWCDPUS,55,Number,2017-04-01,2017,4,CDD
2017-05,ZWCDPUS,105,Number,2017-05-01,2017,5,CDD
2017-06,ZWCDPUS,241,Number,2017-06-01,2017,6,CDD
2017-07,ZWCDPUS,362,Number,2017-07-01,2017,7,CDD
2017-08,ZWCDPUS,291,Number,2017-08-01,2017,8,CDD
2017-09,ZWCDPUS,184,Number,2017-09-01,2017,9,CDD
2017-10,ZWCDPUS,77,Number,2017-10-01,2017,10,CDD
2017-11,ZWCDPUS,27,Number,2017-11-01,2017,11,CDD
2017-12,ZWCDPUS,10,Number,2017-12-01,2017,12,CDD
2018-01,ZWCDPUS,7,Number,2018-01-01,2018,1,CDD
2018-02,ZWCDPUS,23,Number,2018-02-01,2018,2,CDD
2018-03,ZWCDPUS,21,Number,2018-03-01,2018,3,CDD
2018-04,ZWCDPUS,32,Number,2018-04-01,2018,4,CDD
2018-05,ZWCDPUS,173,Number,2018-05-01,2018,5,CDD
2018-06,ZWCDPUS,269,Number,2018-06-01,2018,6,CDD
2018-07,ZWCDPUS,376,Number,2018-07-01,2018,7,CDD
2018-08,ZWCDPUS,351,Number,2018-08-01,2018,8,CDD
2018-09,ZWCDPUS,230,Number,2018-09-01,2018,9,CDD
2018-10,ZWCDPUS,69,Number,2018-10-01,2018,10,CDD
2018-11,ZWCDPUS,18,Number,2018-11-01,2018,11,CDD
2018-12,ZWCDPUS,11,Number,2018-12-01,2018,12,CDD
2019-01,ZWCDPUS,9,Number,2019-01-01,2019,1,CDD
2019-02,ZWCDPUS,18,Number,2019-02-01,2019,2,CDD
2019-03,ZWCDPUS,18,Number,2019-03-01,2019,3,CDD
2019-04,ZWCDPUS,42,Number,2019-04-01,2019,4,CDD
2019-05,ZWCDPUS,129,Number,2019-05-01,2019,5,CDD
2019-06,ZWCDPUS,226,Number,2019-06-01,2019,6,CDD
2019-07,ZWCDPUS,373,Number,2019-07-01,2019,7,CDD
2019-08,ZWCDPUS,335,Number,2019-08-01,2019,8,CDD
2019-09,ZWCDPUS,242,Number,2019-09-01,2019,9,CDD
2019-10,ZWCDPUS,75,Number,2019-10-01,2019,10,CDD
2019-11,ZWCDPUS,16,Number,2019-11-01,2019,11,CDD
2019-12,ZWCDPUS,13,Number,2019-12-01,2019,12,CDD
2020-01,ZWCDPUS,15,Number,2020-01-01,2020,1,CDD
2020-02,ZWCDPUS,12,Number,2020-02-01,2020,2,CDD
2020-03,ZWCDPUS,42,Number,2020-03-01,2020,3,CDD
2020-04,ZWCDPUS,42,Number,2020-04-01,2020,4,CDD
2020-05,ZWCDPUS,105,Number,2020-05-01,2020,5,CDD
2020-06,ZWCDPUS,246,Number,2020-06-01,2020,6,CDD
2020-07,ZWCDPUS,398,Number,2020-07-01,2020,7,CDD
2020-08,ZWCDPUS,356,Number,2020-08-01,2020,8,CDD
2020-09,ZWCDPUS,181,Number,2020-09-01,2020,9,CDD
2020-10,ZWCDPUS,82,Number,2020-10-01,2020,10,CDD
2020-11,ZWCDPUS,32,Number,2020-11-01,2020,11,CDD
2020-12,ZWCDPUS,7,Number,2020-12-01,2020,12,CDD
2021-01,ZWCDPUS,10,Number,2021-01-01,2021,1,CDD
2021-02,ZWCDPUS,12,Number,2021-02-01,2021,2,CDD
2021-03,ZWCDPUS,28,Number,2021-03-01,2021,3,CDD
2021-04,ZWCDPUS,36,Number,2021-04-01,2021,4,CDD
2021-05,ZWCDPUS,100,Number,2021-05-01,2021,5,CDD
2021-06,ZWCDPUS,274,Number,2021-06-01,2021,6,CDD
2021-07,ZWCDPUS,347,Number,2021-07-01,2021,7,CDD
2021-08,ZWCDPUS,357,Number,2021-08-01,2021,8,CDD
2021-09,ZWCDPUS,200,Number,2021-09-01,2021,9,CDD
2021-10,ZWCDPUS,84,Number,2021-10-01,2021,10,CDD
2021-11,ZWCDPUS,18,Number,2021-11-01,2021,11,CDD
2021-12,ZWCDPUS,26,Number,2021-12-01,2021,12,CDD
2022-01,ZWCDPUS,8,Number,2022-01-01,2022,1,CDD
2022-02,ZWCDPUS,11,Number,2022-02-01,2022,2,CDD
2022-03,ZWCDPUS,27,Number,2022-03-01,2022,3,CDD
2022-04,ZWCDPUS,49,Number,2022-04-01,2022,4,CDD
2022-05,ZWCDPUS,147,Number,2022-05-01,2022,5,CDD
2022-06,ZWCDPUS,270,Number,2022-06-01,2022,6,CDD
2022-07,ZWCDPUS,394,Number,2022-07-01,2022,7,CDD
2022-08,ZWCDPUS,359,Number,2022-08-01,2022,8,CDD
2022-09,ZWCDPUS,202,Number,2022-09-01,2022,9,CDD
2022-10,ZWCDPUS,55,Number,2022-10-01,2022,10,CDD
2022-11,ZWCDPUS,23,Number,2022-11-01,2022,11,CDD
2022-12,ZWCDPUS,11,Number,2022-12-01,2022,12,CDD
2023-01,ZWCDPUS,17,Number,2023-01-01,2023,1,CDD
2023-02,ZWCDPUS,20,Number,2023-02-01,2023,2,CDD
2023-03,ZWCDPUS,32,Number,2023-03-01,2023,3,CDD
2023-04,ZWCDPUS,44,Number,2023-04-01,2023,4,CDD
2023-05,ZWCDPUS,109,Number,2023-05-01,2023,5,CDD
2023-06,ZWCDPUS,210,Number,2023-06-01,2023,6,CDD
2023-07,ZWCDPUS,390,Number,2023-07-01,2023,7,CDD
2023-08,ZWCDPUS,350,Number,2023-08-01,2023,8,CDD
2023-09,ZWCDPUS,204,Number,2023-09-01,2023,9,CDD
2023-10,ZWCDPUS,73,Number,2023-10-01,2023,10,CDD
2023-11,ZWCDPUS,20,Number,2023-11-01,2023,11,CDD
2023-12,ZWCDPUS,11,Number,2023-12-01,2023,12,CDD
2024-01,ZWCDPUS,10,Number,2024-01-01,2024,1,CDD
2024-02,ZWCDPUS,13,Number,2024-02-01,2024,2,CDD
2024-03,ZWCDPUS,31,Number,2024-03-01,2024,3,CDD
2024-04,ZWCDPUS,47,Number,2024-04-01,2024,4,CDD
2024-05,ZWCDPUS,157,Number,2024-05-01,2024,5,CDD
2024-06,ZWCDPUS,292,Number,2024-06-01,2024,6,CDD
2024-07,ZWCDPUS,390,Number,2024-07-01,2024,7,CDD
2024-08,ZWCDPUS,342,Number,2024-08-01,2024,8,CDD
2024-09,ZWCDPUS,210,Number,2024-09-01,2024,9,CDD
2024-10,ZWCDPUS,97,Number,2024-10-01,2024,10,CDD
2024-11,ZWCDPUS,32,Number,2024-11-01,2024,11,CDD
2024-12,ZWCDPUS,13,Number,2024-12-01,2024,12,CDD
2025-01,ZWCDPUS,5,Number,2025-01-01,2025,1,CDD
2025-02,ZWCDPUS,17,Number,2025-02-01,2025,2,CDD
2025-03,ZWCDPUS,31,Number,2025-03-01,2025,3,CDD
2025-04,ZWCDPUS,59,Number,2025-04-01,2025,4,CDD
2025-05,ZWCDPUS,127,Number,2025-05-01,2025,5,CDD
2025-06,ZWCDPUS,279,Number,2025-06-01,2025,6,CDD
2025-07,ZWCDPUS,392,Number,2025-07-01,2025,7,CDD
2025-08,ZWCDPUS,309,Number,2025-08-01,2025,8,CDD
2025-09,ZWCDPUS,203,Number,2025-09-01,2025,9,CDD
2025-10,ZWCDPUS,80,Number,2025-10-01,2025,10,CDD
1973-01,ZWHDPUS,964,Number,1973-01-01,1973,1,HDD
1973-02,ZWHDPUS,842,Number,1973-02-01,1973,2,HDD
1973-03,ZWHDPUS,552,Number,1973-03-01,1973,3,HDD
1973-04,ZWHDPUS,401,Number,1973-04-01,1973,4,HDD
1973-05,ZWHDPUS,214,Number,1973-05-01,1973,5,HDD
1973-06,ZWHDPUS,26,Number,1973-06-01,1973,6,HDD
1973-07,ZWHDPUS,8,Number,1973-07-01,1973,7,HDD
1973-08,ZWHDPUS,11,Number,1973-08-01,1973,8,HDD
1973-09,ZWHDPUS,74,Number,1973-09-01,1973,9,HDD
1973-10,ZWHDPUS,245,Number,1973-10-01,1973,10,HDD
1973-11,ZWHDPUS,554,Number,1973-11-01,1973,11,HDD
1973-12,ZWHDPUS,868,Number,1973-12-01,1973,12,HDD
1974-01,ZWHDPUS,911,Number,1974-01-01,1974,1,HDD
1974-02,ZWHDPUS,822,Number,1974-02-01,1974,2,HDD
1974-03,ZWHDPUS,618,Number,1974-03-01,1974,3,HDD
1974-04,ZWHDPUS,351,Number,1974-04-01,1974,4,HDD
1974-05,ZWHDPUS,200,Number,1974-05-01,1974,5,HDD
1974-06,ZWHDPUS,51,Number,1974-06-01,1974,6,HDD
1974-07,ZWHDPUS,8,Number,1974-07-01,1974,7,HDD
1974-08,ZWHDPUS,18,Number,1974-08-01,1974,8,HDD
1974-09,ZWHDPUS,114,Number,1974-09-01,1974,9,HDD
1974-10,ZWHDPUS,349,Number,1974-10-01,1974,10,HDD
1974-11,ZWHDPUS,581,Number,1974-11-01,1974,11,HDD
1974-12,ZWHDPUS,857,Number,1974-12-01,1974,12,HDD
1975-01,ZWHDPUS,887,Number,1975-01-01,1975,1,HDD
1975-02,ZWHDPUS,803,Number,1975-02-01,1975,2,HDD
1975-03,ZWHDPUS,750,Number,1975-03-01,1975,3,HDD
1975-04,ZWHDPUS,495,Number,1975-04-01,1975,4,HDD
1975-05,ZWHDPUS,134,Number,1975-05-01,1975,5,HDD
1975-06,ZWHDPUS,42,Number,1975-06-01,1975,6,HDD
1975-07,ZWHDPUS,7,Number,1975-07-01,1975,7,HDD
1975-08,ZWHDPUS,16,Number,1975-08-01,1975,8,HDD
1975-09,ZWHDPUS,121,Number,1975-09-01,1975,9,HDD
1975-10,ZWHDPUS,267,Number,1975-10-01,1975,10,HDD
1975-11,ZWHDPUS,509,Number,1975-11-01,1975,11,HDD
1975-12,ZWHDPUS,869,Number,1975-12-01,1975,12,HDD
1976-01,ZWHDPUS,1050,Number,1976-01-01,1976,1,HDD
1976-02,ZWHDPUS,661,Number,1976-02-01,1976,2,HDD
1976-03,ZWHDPUS,593,Number,1976-03-01,1976,3,HDD
1976-04,ZWHDPUS,346,Number,1976-04-01,1976,4,HDD
1976-05,ZWHDPUS,206,Number,1976-05-01,1976,5,HDD
1976-06,ZWHDPUS,32,Number,1976-06-01,1976,6,HDD
1976-07,ZWHDPUS,10,Number,1976-07-01,1976,7,HDD
1976-08,ZWHDPUS,24,Number,1976-08-01,1976,8,HDD
1976-09,ZWHDPUS,99,Number,1976-09-01,1976,9,HDD
1976-10,ZWHDPUS,413,Number,1976-10-01,1976,10,HDD
1976-11,ZWHDPUS,729,Number,1976-11-01,1976,11,HDD
1976-12,ZWHDPUS,1012,Number,1976-12-01,1976,12,HDD
1977-01,ZWHDPUS,1266,Number,1977-01-01,1977,1,HDD
1977-02,ZWHDPUS,809,Number,1977-02-01,1977,2,HDD
1977-03,ZWHDPUS,572,Number,1977-03-01,1977,3,HDD
1977-04,ZWHDPUS,304,Number,1977-04-01,1977,4,HDD
1977-05,ZWHDPUS,136,Number,1977-05-01,1977,5,HDD
1977-06,ZWHDPUS,44,Number,1977-06-01,1977,6,HDD
1977-07,ZWHDPUS,7,Number,1977-07-01,1977,7,HDD
1977-08,ZWHDPUS,18,Number,1977-08-01,1977,8,HDD
1977-09,ZWHDPUS,70,Number,1977-09-01,1977,9,HDD
1977-10,ZWHDPUS,332,Number,1977-10-01,1977,10,HDD
1977-11,ZWHDPUS,544,Number,1977-11-01,1977,11,HDD
1977-12,ZWHDPUS,910,Number,1977-12-01,1977,12,HDD
1978-01,ZWHDPUS,1131,Number,1978-01-01,1978,1,HDD
1978-02,ZWHDPUS,1023,Number,1978-02-01,1978,2,HDD
1978-03,ZWHDPUS,737,Number,1978-03-01,1978,3,HDD
1978-04,ZWHDPUS,389,Number,1978-04-01,1978,4,HDD
1978-05,ZWHDPUS,182,Number,1978-05-01,1978,5,HDD
1978-06,ZWHDPUS,37,Number,1978-06-01,1978,6,HDD
1978-07,ZWHDPUS,10,Number,1978-07-01,1978,7,HDD
1978-08,ZWHDPUS,14,Number,1978-08-01,1978,8,HDD
1978-09,ZWHDPUS,71,Number,1978-09-01,1978,9,HDD
1978-10,ZWHDPUS,320,Number,1978-10-01,1978,10,HDD
1978-11,ZWHDPUS,565,Number,1978-11-01,1978,11,HDD
1978-12,ZWHDPUS,901,Number,1978-12-01,1978,12,HDD
1979-01,ZWHDPUS,1141,Number,1979-01-01,1979,1,HDD
1979-02,ZWHDPUS,1012,Number,1979-02-01,1979,2,HDD
1979-03,ZWHDPUS,620,Number,1979-03-01,1979,3,HDD
1979-04,ZWHDPUS,403,Number,1979-04-01,1979,4,HDD
1979-05,ZWHDPUS,170,Number,1979-05-01,1979,5,HDD
1979-06,ZWHDPUS,44,Number,1979-06-01,1979,6,HDD
1979-07,ZWHDPUS,9,Number,1979-07-01,1979,7,HDD
1979-08,ZWHDPUS,19,Number,1979-08-01,1979,8,HDD
1979-09,ZWHDPUS,71,Number,1979-09-01,1979,9,HDD
1979-10,ZWHDPUS,304,Number,1979-10-01,1979,10,HDD
1979-11,ZWHDPUS,572,Number,1979-11-01,1979,11,HDD
1979-12,ZWHDPUS,799,Number,1979-12-01,1979,12,HDD
1980-01,ZWHDPUS,940,Number,1980-01-01,1980,1,HDD
1980-02,ZWHDPUS,884,Number,1980-02-01,1980,2,HDD
1980-03,ZWHDPUS,729,Number,1980-03-01,1980,3,HDD
1980-04,ZWHDPUS,374,Number,1980-04-01,1980,4,HDD
1980-05,ZWHDPUS,162,Number,1980-05-01,1980,5,HDD
1980-06,ZWHDPUS,58,Number,1980-06-01,1980,6,HDD
1980-07,ZWHDPUS,7,Number,1980-07-01,1980,7,HDD
1980-08,ZWHDPUS,13,Number,1980-08-01,1980,8,HDD
1980-09,ZWHDPUS,63,Number,1980-09-01,1980,9,HDD
1980-10,ZWHDPUS,350,Number,1980-10-01,1980,10,HDD
1980-11,ZWHDPUS,611,Number,1980-11-01,1980,11,HDD
1980-12,ZWHDPUS,886,Number,1980-12-01,1980,12,HDD
1981-01,ZWHDPUS,1038,Number,1981-01-01,1981,1,HDD
1981-02,ZWHDPUS,732,Number,1981-02-01,1981,2,HDD
1981-03,ZWHDPUS,661,Number,1981-03-01,1981,3,HDD
1981-04,ZWHDPUS,290,Number,1981-04-01,1981,4,HDD
1981-05,ZWHDPUS,188,Number,1981-05-01,1981,5,HDD
1981-06,ZWHDPUS,31,Number,1981-06-01,1981,6,HDD
1981-07,ZWHDPUS,9,Number,1981-07-01,1981,7,HDD
1981-08,ZWHDPUS,15,Number,1981-08-01,1981,8,HDD
1981-09,ZWHDPUS,88,Number,1981-09-01,1981,9,HDD
1981-10,ZWHDPUS,359,Number,1981-10-01,1981,10,HDD
1981-11,ZWHDPUS,545,Number,1981-11-01,1981,11,HDD
1981-12,ZWHDPUS,893,Number,1981-12-01,1981,12,HDD
1982-01,ZWHDPUS,1120,Number,1982-01-01,1982,1,HDD
1982-02,ZWHDPUS,818,Number,1982-02-01,1982,2,HDD
1982-03,ZWHDPUS,660,Number,1982-03-01,1982,3,HDD
1982-04,ZWHDPUS,443,Number,1982-04-01,1982,4,HDD
1982-05,ZWHDPUS,132,Number,1982-05-01,1982,5,HDD
1982-06,ZWHDPUS,70,Number,1982-06-01,1982,6,HDD
1982-07,ZWHDPUS,9,Number,1982-07-01,1982,7,HDD
1982-08,ZWHDPUS,24,Number,1982-08-01,1982,8,HDD
1982-09,ZWHDPUS,87,Number,1982-09-01,1982,9,HDD
1982-10,ZWHDPUS,290,Number,1982-10-01,1982,10,HDD
1982-11,ZWHDPUS,553,Number,1982-11-01,1982,11,HDD
1982-12,ZWHDPUS,728,Number,1982-12-01,1982,12,HDD
1983-01,ZWHDPUS,914,Number,1983-01-01,1983,1,HDD
1983-02,ZWHDPUS,740,Number,1983-02-01,1983,2,HDD
1983-03,ZWHDPUS,622,Number,1983-03-01,1983,3,HDD
1983-04,ZWHDPUS,452,Number,1983-04-01,1983,4,HDD
1983-05,ZWHDPUS,211,Number,1983-05-01,1983,5,HDD
1983-06,ZWHDPUS,40,Number,1983-06-01,1983,6,HDD
1983-07,ZWHDPUS,8,Number,1983-07-01,1983,7,HDD
1983-08,ZWHDPUS,7,Number,1983-08-01,1983,8,HDD
1983-09,ZWHDPUS,61,Number,1983-09-01,1983,9,HDD
1983-10,ZWHDPUS,274,Number,1983-10-01,1983,10,HDD
1983-11,ZWHDPUS,544,Number,1983-11-01,1983,11,HDD
1983-12,ZWHDPUS,1031,Number,1983-12-01,1983,12,HDD
1984-01,ZWHDPUS,1040,Number,1984-01-01,1984,1,HDD
1984-02,ZWHDPUS,674,Number,1984-02-01,1984,2,HDD
1984-03,ZWHDPUS,740,Number,1984-03-01,1984,3,HDD
1984-04,ZWHDPUS,399,Number,1984-04-01,1984,4,HDD
1984-05,ZWHDPUS,192,Number,1984-05-01,1984,5,HDD
1984-06,ZWHDPUS,33,Number,1984-06-01,1984,6,HDD
1984-07,ZWHDPUS,10,Number,1984-07-01,1984,7,HDD
1984-08,ZWHDPUS,9,Number,1984-08-01,1984,8,HDD
1984-09,ZWHDPUS,101,Number,1984-09-01,1984,9,HDD
1984-10,ZWHDPUS,242,Number,1984-10-01,1984,10,HDD
1984-11,ZWHDPUS,599,Number,1984-11-01,1984,11,HDD
1984-12,ZWHDPUS,735,Number,1984-12-01,1984,12,HDD
1985-01,ZWHDPUS,1093,Number,1985-01-01,1985,1,HDD
1985-02,ZWHDPUS,839,Number,1985-02-01,1985,2,HDD
1985-03,ZWHDPUS,585,Number,1985-03-01,1985,3,HDD
1985-04,ZWHDPUS,285,Number,1985-04-01,1985,4,HDD
1985-05,ZWHDPUS,139,Number,1985-05-01,1985,5,HDD
1985-06,ZWHDPUS,53,Number,1985-06-01,1985,6,HDD
1985-07,ZWHDPUS,7,Number,1985-07-01,1985,7,HDD
1985-08,ZWHDPUS,21,Number,1985-08-01,1985,8,HDD
1985-09,ZWHDPUS,79,Number,1985-09-01,1985,9,HDD
1985-10,ZWHDPUS,264,Number,1985-10-01,1985,10,HDD
1985-11,ZWHDPUS,537,Number,1985-11-01,1985,11,HDD
1985-12,ZWHDPUS,983,Number,1985-12-01,1985,12,HDD
1986-01,ZWHDPUS,889,Number,1986-01-01,1986,1,HDD
1986-02,ZWHDPUS,761,Number,1986-02-01,1986,2,HDD
1986-03,ZWHDPUS,570,Number,1986-03-01,1986,3,HDD
1986-04,ZWHDPUS,318,Number,1986-04-01,1986,4,HDD
1986-05,ZWHDPUS,140,Number,1986-05-01,1986,5,HDD
1986-06,ZWHDPUS,34,Number,1986-06-01,1986,6,HDD
1986-07,ZWHDPUS,11,Number,1986-07-01,1986,7,HDD
1986-08,ZWHDPUS,22,Number,1986-08-01,1986,8,HDD
1986-09,ZWHDPUS,86,Number,1986-09-01,1986,9,HDD
1986-10,ZWHDPUS,278,Number,1986-10-01,1986,10,HDD
1986-11,ZWHDPUS,588,Number,1986-11-01,1986,11,HDD
1986-12,ZWHDPUS,820,Number,1986-12-01,1986,12,HDD
1987-01,ZWHDPUS,947,Number,1987-01-01,1987,1,HDD
1987-02,ZWHDPUS,737,Number,1987-02-01,1987,2,HDD
1987-03,ZWHDPUS,597,Number,1987-03-01,1987,3,HDD
1987-04,ZWHDPUS,329,Number,1987-04-01,1987,4,HDD
1987-05,ZWHDPUS,122,Number,1987-05-01,1987,5,HDD
1987-06,ZWHDPUS,24,Number,1987-06-01,1987,6,HDD
1987-07,ZWHDPUS,9,Number,1987-07-01,1987,7,HDD
1987-08,ZWHDPUS,17,Number,1987-08-01,1987,8,HDD
1987-09,ZWHDPUS,69,Number,1987-09-01,1987,9,HDD
1987-10,ZWHDPUS,365,Number,1987-10-01,1987,10,HDD
1987-11,ZWHDPUS,517,Number,1987-11-01,1987,11,HDD
1987-12,ZWHDPUS,796,Number,1987-12-01,1987,12,HDD
1988-01,ZWHDPUS,1029,Number,1988-01-01,1988,1,HDD
1988-02,ZWHDPUS,799,Number,1988-02-01,1988,2,HDD
1988-03,ZWHDPUS,617,Number,1988-03-01,1988,3,HDD
1988-04,ZWHDPUS,366,Number,1988-04-01,1988,4,HDD
1988-05,ZWHDPUS,150,Number,1988-05-01,1988,5,HDD
1988-06,ZWHDPUS,34,Number,1988-06-01,1988,6,HDD
1988-07,ZWHDPUS,4,Number,1988-07-01,1988,7,HDD
1988-08,ZWHDPUS,7,Number,1988-08-01,1988,8,HDD
1988-09,ZWHDPUS,80,Number,1988-09-01,1988,9,HDD
1988-10,ZWHDPUS,369,Number,1988-10-01,1988,10,HDD
1988-11,ZWHDPUS,531,Number,1988-11-01,1988,11,HDD
1988-12,ZWHDPUS,852,Number,1988-12-01,1988,12,HDD
1989-01,ZWHDPUS,808,Number,1989-01-01,1989,1,HDD
1989-02,ZWHDPUS,850,Number,1989-02-01,1989,2,HDD
1989-03,ZWHDPUS,622,Number,1989-03-01,1989,3,HDD
1989-04,ZWHDPUS,363,Number,1989-04-01,1989,4,HDD
1989-05,ZWHDPUS,180,Number,1989-05-01,1989,5,HDD
1989-06,ZWHDPUS,36,Number,1989-06-01,1989,6,HDD
1989-07,ZWHDPUS,7,Number,1989-07-01,1989,7,HDD
1989-08,ZWHDPUS,17,Number,1989-08-01,1989,8,HDD
1989-09,ZWHDPUS,81,Number,1989-09-01,1989,9,HDD
1989-10,ZWHDPUS,275,Number,1989-10-01,1989,10,HDD
1989-11,ZWHDPUS,563,Number,1989-11-01,1989,11,HDD
1989-12,ZWHDPUS,1090,Number,1989-12-01,1989,12,HDD
1990-01,ZWHDPUS,746,Number,1990-01-01,1990,1,HDD
1990-02,ZWHDPUS,672,Number,1990-02-01,1990,2,HDD
1990-03,ZWHDPUS,552,Number,1990-03-01,1990,3,HDD
1990-04,ZWHDPUS,339,Number,1990-04-01,1990,4,HDD
1990-05,ZWHDPUS,202,Number,1990-05-01,1990,5,HDD
1990-06,ZWHDPUS,33,Number,1990-06-01,1990,6,HDD
1990-07,ZWHDPUS,7,Number,1990-07-01,1990,7,HDD
1990-08,ZWHDPUS,12,Number,1990-08-01,1990,8,HDD
1990-09,ZWHDPUS,63,Number,1990-09-01,1990,9,HDD
1990-10,ZWHDPUS,260,Number,1990-10-01,1990,10,HDD
1990-11,ZWHDPUS,481,Number,1990-11-01,1990,11,HDD
1990-12,ZWHDPUS,810,Number,1990-12-01,1990,12,HDD
1991-01,ZWHDPUS,937,Number,1991-01-01,1991,1,HDD
1991-02,ZWHDPUS,650,Number,1991-02-01,1991,2,HDD
1991-03,ZWHDPUS,584,Number,1991-03-01,1991,3,HDD
1991-04,ZWHDPUS,306,Number,1991-04-01,1991,4,HDD
1991-05,ZWHDPUS,114,Number,1991-05-01,1991,5,HDD
1991-06,ZWHDPUS,35,Number,1991-06-01,1991,6,HDD
1991-07,ZWHDPUS,7,Number,1991-07-01,1991,7,HDD
1991-08,ZWHDPUS,10,Number,1991-08-01,1991,8,HDD
1991-09,ZWHDPUS,76,Number,1991-09-01,1991,9,HDD
1991-10,ZWHDPUS,254,Number,1991-10-01,1991,10,HDD
1991-11,ZWHDPUS,604,Number,1991-11-01,1991,11,HDD
1991-12,ZWHDPUS,767,Number,1991-12-01,1991,12,HDD
1992-01,ZWHDPUS,864,Number,1992-01-01,1992,1,HDD
1992-02,ZWHDPUS,656,Number,1992-02-01,1992,2,HDD
1992-03,ZWHDPUS,618,Number,1992-03-01,1992,3,HDD
1992-04,ZWHDPUS,360,Number,1992-04-01,1992,4,HDD
1992-05,ZWHDPUS,165,Number,1992-05-01,1992,5,HDD
1992-06,ZWHDPUS,51,Number,1992-06-01,1992,6,HDD
1992-07,ZWHDPUS,18,Number,1992-07-01,1992,7,HDD
1992-08,ZWHDPUS,29,Number,1992-08-01,1992,8,HDD
1992-09,ZWHDPUS,83,Number,1992-09-01,1992,9,HDD
1992-10,ZWHDPUS,315,Number,1992-10-01,1992,10,HDD
1992-11,ZWHDPUS,583,Number,1992-11-01,1992,11,HDD
1992-12,ZWHDPUS,841,Number,1992-12-01,1992,12,HDD
1993-01,ZWHDPUS,872,Number,1993-01-01,1993,1,HDD
1993-02,ZWHDPUS,838,Number,1993-02-01,1993,2,HDD
1993-03,ZWHDPUS,675,Number,1993-03-01,1993,3,HDD
1993-04,ZWHDPUS,386,Number,1993-04-01,1993,4,HDD
1993-05,ZWHDPUS,143,Number,1993-05-01,1993,5,HDD
1993-06,ZWHDPUS,44,Number,1993-06-01,1993,6,HDD
1993-07,ZWHDPUS,14,Number,1993-07-01,1993,7,HDD
1993-08,ZWHDPUS,12,Number,1993-08-01,1993,8,HDD
1993-09,ZWHDPUS,97,Number,1993-09-01,1993,9,HDD
1993-10,ZWHDPUS,316,Number,1993-10-01,1993,10,HDD
1993-11,ZWHDPUS,598,Number,1993-11-01,1993,11,HDD
1993-12,ZWHDPUS,839,Number,1993-12-01,1993,12,HDD
1994-01,ZWHDPUS,1038,Number,1994-01-01,1994,1,HDD
1994-02,ZWHDPUS,822,Number,1994-02-01,1994,2,HDD
1994-03,ZWHDPUS,604,Number,1994-03-01,1994,3,HDD
1994-04,ZWHDPUS,309,Number,1994-04-01,1994,4,HDD
1994-05,ZWHDPUS,188,Number,1994-05-01,1994,5,HDD
1994-06,ZWHDPUS,24,Number,1994-06-01,1994,6,HDD
1994-07,ZWHDPUS,7,Number,1994-07-01,1994,7,HDD
1994-08,ZWHDPUS,20,Number,1994-08-01,1994,8,HDD
1994-09,ZWHDPUS,72,Number,1994-09-01,1994,9,HDD
1994-10,ZWHDPUS,283,Number,1994-10-01,1994,10,HDD
1994-11,ZWHDPUS,502,Number,1994-11-01,1994,11,HDD
1994-12,ZWHDPUS,738,Number,1994-12-01,1994,12,HDD
1995-01,ZWHDPUS,857,Number,1995-01-01,1995,1,HDD
1995-02,ZWHDPUS,755,Number,1995-02-01,1995,2,HDD
1995-03,ZWHDPUS,568,Number,1995-03-01,1995,3,HDD
1995-04,ZWHDPUS,390,Number,1995-04-01,1995,4,HDD
1995-05,ZWHDPUS,191,Number,1995-05-01,1995,5,HDD
1995-06,ZWHDPUS,36,Number,1995-06-01,1995,6,HDD
1995-07,ZWHDPUS,6,Number,1995-07-01,1995,7,HDD
1995-08,ZWHDPUS,9,Number,1995-08-01,1995,8,HDD
1995-09,ZWHDPUS,84,Number,1995-09-01,1995,9,HDD
1995-10,ZWHDPUS,244,Number,1995-10-01,1995,10,HDD
1995-11,ZWHDPUS,614,Number,1995-11-01,1995,11,HDD
1995-12,ZWHDPUS,882,Number,1995-12-01,1995,12,HDD
1996-01,ZWHDPUS,952,Number,1996-01-01,1996,1,HDD
1996-02,ZWHDPUS,749,Number,1996-02-01,1996,2,HDD
1996-03,ZWHDPUS,718,Number,1996-03-01,1996,3,HDD
1996-04,ZWHDPUS,372,Number,1996-04-01,1996,4,HDD
1996-05,ZWHDPUS,178,Number,1996-05-01,1996,5,HDD
1996-06,ZWHDPUS,30,Number,1996-06-01,1996,6,HDD
1996-07,ZWHDPUS,11,Number,1996-07-01,1996,7,HDD
1996-08,ZWHDPUS,11,Number,1996-08-01,1996,8,HDD
1996-09,ZWHDPUS,79,Number,1996-09-01,1996,9,HDD
1996-10,ZWHDPUS,287,Number,1996-10-01,1996,10,HDD
1996-11,ZWHDPUS,641,Number,1996-11-01,1996,11,HDD
1996-12,ZWHDPUS,771,Number,1996-12-01,1996,12,HDD
1997-01,ZWHDPUS,935,Number,1997-01-01,1997,1,HDD
1997-02,ZWHDPUS,677,Number,1997-02-01,1997,2,HDD
1997-03,ZWHDPUS,557,Number,1997-03-01,1997,3,HDD
1997-04,ZWHDPUS,417,Number,1997-04-01,1997,4,HDD
1997-05,ZWHDPUS,207,Number,1997-05-01,1997,5,HDD
1997-06,ZWHDPUS,37,Number,1997-06-01,1997,6,HDD
1997-07,ZWHDPUS,10,Number,1997-07-01,1997,7,HDD
1997-08,ZWHDPUS,19,Number,1997-08-01,1997,8,HDD
1997-09,ZWHDPUS,68,Number,1997-09-01,1997,9,HDD
1997-10,ZWHDPUS,284,Number,1997-10-01,1997,10,HDD
1997-11,ZWHDPUS,604,Number,1997-11-01,1997,11,HDD
1997-12,ZWHDPUS,812,Number,1997-12-01,1997,12,HDD
1998-01,ZWHDPUS,769,Number,1998-01-01,1998,1,HDD
1998-02,ZWHDPUS,631,Number,1998-02-01,1998,2,HDD
1998-03,ZWHDPUS,603,Number,1998-03-01,1998,3,HDD
1998-04,ZWHDPUS,344,Number,1998-04-01,1998,4,HDD
1998-05,ZWHDPUS,128,Number,1998-05-01,1998,5,HDD
1998-06,ZWHDPUS,47,Number,1998-06-01,1998,6,HDD
1998-07,ZWHDPUS,5,Number,1998-07-01,1998,7,HDD
1998-08,ZWHDPUS,8,Number,1998-08-01,1998,8,HDD
1998-09,ZWHDPUS,38,Number,1998-09-01,1998,9,HDD
1998-10,ZWHDPUS,254,Number,1998-10-01,1998,10,HDD
1998-11,ZWHDPUS,495,Number,1998-11-01,1998,11,HDD
1998-12,ZWHDPUS,726,Number,1998-12-01,1998,12,HDD
1999-01,ZWHDPUS,857,Number,1999-01-01,1999,1,HDD
1999-02,ZWHDPUS,647,Number,1999-02-01,1999,2,HDD
1999-03,ZWHDPUS,648,Number,1999-03-01,1999,3,HDD
1999-04,ZWHDPUS,333,Number,1999-04-01,1999,4,HDD
1999-05,ZWHDPUS,154,Number,1999-05-01,1999,5,HDD
1999-06,ZWHDPUS,35,Number,1999-06-01,1999,6,HDD
1999-07,ZWHDPUS,7,Number,1999-07-01,1999,7,HDD
1999-08,ZWHDPUS,15,Number,1999-08-01,1999,8,HDD
1999-09,ZWHDPUS,66,Number,1999-09-01,1999,9,HDD
1999-10,ZWHDPUS,279,Number,1999-10-01,1999,10,HDD
1999-11,ZWHDPUS,423,Number,1999-11-01,1999,11,HDD
1999-12,ZWHDPUS,765,Number,1999-12-01,1999,12,HDD
2000-01,ZWHDPUS,883,Number,2000-01-01,2000,1,HDD
2000-02,ZWHDPUS,640,Number,2000-02-01,2000,2,HDD
2000-03,ZWHDPUS,498,Number,2000-03-01,2000,3,HDD
2000-04,ZWHDPUS,346,Number,2000-04-01,2000,4,HDD
2000-05,ZWHDPUS,126,Number,2000-05-01,2000,5,HDD
2000-06,ZWHDPUS,32,Number,2000-06-01,2000,6,HDD
2000-07,ZWHDPUS,14,Number,2000-07-01,2000,7,HDD
2000-08,ZWHDPUS,14,Number,2000-08-01,2000,8,HDD
2000-09,ZWHDPUS,75,Number,2000-09-01,2000,9,HDD
2000-10,ZWHDPUS,252,Number,2000-10-01,2000,10,HDD
2000-11,ZWHDPUS,617,Number,2000-11-01,2000,11,HDD
2000-12,ZWHDPUS,995,Number,2000-12-01,2000,12,HDD
2001-01,ZWHDPUS,928,Number,2001-01-01,2001,1,HDD
2001-02,ZWHDPUS,720,Number,2001-02-01,2001,2,HDD
2001-03,ZWHDPUS,663,Number,2001-03-01,2001,3,HDD
2001-04,ZWHDPUS,311,Number,2001-04-01,2001,4,HDD
2001-05,ZWHDPUS,123,Number,2001-05-01,2001,5,HDD
2001-06,ZWHDPUS,32,Number,2001-06-01,2001,6,HDD
2001-07,ZWHDPUS,10,Number,2001-07-01,2001,7,HDD
2001-08,ZWHDPUS,7,Number,2001-08-01,2001,8,HDD
2001-09,ZWHDPUS,74,Number,2001-09-01,2001,9,HDD
2001-10,ZWHDPUS,271,Number,2001-10-01,2001,10,HDD
2001-11,ZWHDPUS,411,Number,2001-11-01,2001,11,HDD
2001-12,ZWHDPUS,704,Number,2001-12-01,2001,12,HDD
2002-01,ZWHDPUS,785,Number,2002-01-01,2002,1,HDD
2002-02,ZWHDPUS,672,Number,2002-02-01,2002,2,HDD
2002-03,ZWHDPUS,629,Number,2002-03-01,2002,3,HDD
2002-04,ZWHDPUS,296,Number,2002-04-01,2002,4,HDD
2002-05,ZWHDPUS,195,Number,2002-05-01,2002,5,HDD
2002-06,ZWHDPUS,26,Number,2002-06-01,2002,6,HDD
2002-07,ZWHDPUS,4,Number,2002-07-01,2002,7,HDD
2002-08,ZWHDPUS,10,Number,2002-08-01,2002,8,HDD
2002-09,ZWHDPUS,43,Number,2002-09-01,2002,9,HDD
2002-10,ZWHDPUS,309,Number,2002-10-01,2002,10,HDD
2002-11,ZWHDPUS,567,Number,2002-11-01,2002,11,HDD
2002-12,ZWHDPUS,818,Number,2002-12-01,2002,12,HDD
2003-01,ZWHDPUS,948,Number,2003-01-01,2003,1,HDD
2003-02,ZWHDPUS,806,Number,2003-02-01,2003,2,HDD
2003-03,ZWHDPUS,580,Number,2003-03-01,2003,3,HDD
2003-04,ZWHDPUS,360,Number,2003-04-01,2003,4,HDD
2003-05,ZWHDPUS,176,Number,2003-05-01,2003,5,HDD
2003-06,ZWHDPUS,45,Number,2003-06-01,2003,6,HDD
2003-07,ZWHDPUS,5,Number,2003-07-01,2003,7,HDD
2003-08,ZWHDPUS,6,Number,2003-08-01,2003,8,HDD
2003-09,ZWHDPUS,67,Number,2003-09-01,2003,9,HDD
2003-10,ZWHDPUS,266,Number,2003-10-01,2003,10,HDD
2003-11,ZWHDPUS,489,Number,2003-11-01,2003,11,HDD
2003-12,ZWHDPUS,792,Number,2003-12-01,2003,12,HDD
2004-01,ZWHDPUS,968,Number,2004-01-01,2004,1,HDD
2004-02,ZWHDPUS,766,Number,2004-02-01,2004,2,HDD
2004-03,ZWHDPUS,497,Number,2004-03-01,2004,3,HDD
2004-04,ZWHDPUS,311,Number,2004-04-01,2004,4,HDD
2004-05,ZWHDPUS,116,Number,2004-05-01,2004,5,HDD
2004-06,ZWHDPUS,41,Number,2004-06-01,2004,6,HDD
2004-07,ZWHDPUS,9,Number,2004-07-01,2004,7,HDD
2004-08,ZWHDPUS,21,Number,2004-08-01,2004,8,HDD
2004-09,ZWHDPUS,53,Number,2004-09-01,2004,9,HDD
2004-10,ZWHDPUS,259,Number,2004-10-01,2004,10,HDD
2004-11,ZWHDPUS,497,Number,2004-11-01,2004,11,HDD
2004-12,ZWHDPUS,802,Number,2004-12-01,2004,12,HDD
2005-01,ZWHDPUS,855,Number,2005-01-01,2005,1,HDD
2005-02,ZWHDPUS,673,Number,2005-02-01,2005,2,HDD
2005-03,ZWHDPUS,647,Number,2005-03-01,2005,3,HDD
2005-04,ZWHDPUS,314,Number,2005-04-01,2005,4,HDD
2005-05,ZWHDPUS,192,Number,2005-05-01,2005,5,HDD
2005-06,ZWHDPUS,31,Number,2005-06-01,2005,6,HDD
2005-07,ZWHDPUS,4,Number,2005-07-01,2005,7,HDD
2005-08,ZWHDPUS,8,Number,2005-08-01,2005,8,HDD
2005-09,ZWHDPUS,43,Number,2005-09-01,2005,9,HDD
2005-10,ZWHDPUS,242,Number,2005-10-01,2005,10,HDD
2005-11,ZWHDPUS,473,Number,2005-11-01,2005,11,HDD
2005-12,ZWHDPUS,863,Number,2005-12-01,2005,12,HDD
2006-01,ZWHDPUS,688,Number,2006-01-01,2006,1,HDD
2006-02,ZWHDPUS,724,Number,2006-02-01,2006,2,HDD
2006-03,ZWHDPUS,602,Number,2006-03-01,2006,3,HDD
2006-04,ZWHDPUS,275,Number,2006-04-01,2006,4,HDD
2006-05,ZWHDPUS,143,Number,2006-05-01,2006,5,HDD
2006-06,ZWHDPUS,26,Number,2006-06-01,2006,6,HDD
2006-07,ZWHDPUS,3,Number,2006-07-01,2006,7,HDD
2006-08,ZWHDPUS,11,Number,2006-08-01,2006,8,HDD
2006-09,ZWHDPUS,87,Number,2006-09-01,2006,9,HDD
2006-10,ZWHDPUS,311,Number,2006-10-01,2006,10,HDD
2006-11,ZWHDPUS,475,Number,2006-11-01,2006,11,HDD
2006-12,ZWHDPUS,692,Number,2006-12-01,2006,12,HDD
2007-01,ZWHDPUS,840,Number,2007-01-01,2007,1,HDD
2007-02,ZWHDPUS,840,Number,2007-02-01,2007,2,HDD
2007-03,ZWHDPUS,500,Number,2007-03-01,2007,3,HDD
2007-04,ZWHDPUS,374,Number,2007-04-01,2007,4,HDD
2007-05,ZWHDPUS,118,Number,2007-05-01,2007,5,HDD
2007-06,ZWHDPUS,27,Number,2007-06-01,2007,6,HDD
2007-07,ZWHDPUS,6,Number,2007-07-01,2007,7,HDD
2007-08,ZWHDPUS,9,Number,2007-08-01,2007,8,HDD
2007-09,ZWHDPUS,50,Number,2007-09-01,2007,9,HDD
2007-10,ZWHDPUS,182,Number,2007-10-01,2007,10,HDD
2007-11,ZWHDPUS,522,Number,2007-11-01,2007,11,HDD
2007-12,ZWHDPUS,798,Number,2007-12-01,2007,12,HDD
2008-01,ZWHDPUS,886,Number,2008-01-01,2008,1,HDD
2008-02,ZWHDPUS,729,Number,2008-02-01,2008,2,HDD
2008-03,ZWHDPUS,610,Number,2008-03-01,2008,3,HDD
2008-04,ZWHDPUS,326,Number,2008-04-01,2008,4,HDD
2008-05,ZWHDPUS,189,Number,2008-05-01,2008,5,HDD
2008-06,ZWHDPUS,30,Number,2008-06-01,2008,6,HDD
2008-07,ZWHDPUS,7,Number,2008-07-01,2008,7,HDD
2008-08,ZWHDPUS,15,Number,2008-08-01,2008,8,HDD
2008-09,ZWHDPUS,55,Number,2008-09-01,2008,9,HDD
2008-10,ZWHDPUS,284,Number,2008-10-01,2008,10,HDD
2008-11,ZWHDPUS,535,Number,2008-11-01,2008,11,HDD
2008-12,ZWHDPUS,826,Number,2008-12-01,2008,12,HDD
2009-01,ZWHDPUS,951,Number,2009-01-01,2009,1,HDD
2009-02,ZWHDPUS,694,Number,2009-02-01,2009,2,HDD
2009-03,ZWHDPUS,577,Number,2009-03-01,2009,3,HDD
2009-04,ZWHDPUS,334,Number,2009-04-01,2009,4,HDD
2009-05,ZWHDPUS,136,Number,2009-05-01,2009,5,HDD
2009-06,ZWHDPUS,44,Number,2009-06-01,2009,6,HDD
2009-07,ZWHDPUS,15,Number,2009-07-01,2009,7,HDD
2009-08,ZWHDPUS,14,Number,2009-08-01,2009,8,HDD
2009-09,ZWHDPUS,62,Number,2009-09-01,2009,9,HDD
2009-10,ZWHDPUS,332,Number,2009-10-01,2009,10,HDD
2009-11,ZWHDPUS,447,Number,2009-11-01,2009,11,HDD
2009-12,ZWHDPUS,871,Number,2009-12-01,2009,12,HDD
2010-01,ZWHDPUS,927,Number,2010-01-01,2010,1,HDD
2010-02,ZWHDPUS,808,Number,2010-02-01,2010,2,HDD
2010-03,ZWHDPUS,550,Number,2010-03-01,2010,3,HDD
2010-04,ZWHDPUS,272,Number,2010-04-01,2010,4,HDD
2010-05,ZWHDPUS,141,Number,2010-05-01,2010,5,HDD
2010-06,ZWHDPUS,31,Number,2010-06-01,2010,6,HDD
2010-07,ZWHDPUS,6,Number,2010-07-01,2010,7,HDD
2010-08,ZWHDPUS,9,Number,2010-08-01,2010,8,HDD
2010-09,ZWHDPUS,52,Number,2010-09-01,2010,9,HDD
2010-10,ZWHDPUS,237,Number,2010-10-01,2010,10,HDD
2010-11,ZWHDPUS,525,Number,2010-11-01,2010,11,HDD
2010-12,ZWHDPUS,901,Number,2010-12-01,2010,12,HDD
2011-01,ZWHDPUS,954,Number,2011-01-01,2011,1,HDD
2011-02,ZWHDPUS,741,Number,2011-02-01,2011,2,HDD
2011-03,ZWHDPUS,581,Number,2011-03-01,2011,3,HDD
2011-04,ZWHDPUS,314,Number,2011-04-01,2011,4,HDD
2011-05,ZWHDPUS,157,Number,2011-05-01,2011,5,HDD
2011-06,ZWHDPUS,39,Number,2011-06-01,2011,6,HDD
2011-07,ZWHDPUS,7,Number,2011-07-01,2011,7,HDD
2011-08,ZWHDPUS,9,Number,2011-08-01,2011,8,HDD
2011-09,ZWHDPUS,57,Number,2011-09-01,2011,9,HDD
2011-10,ZWHDPUS,256,Number,2011-10-01,2011,10,HDD
2011-11,ZWHDPUS,473,Number,2011-11-01,2011,11,HDD
2011-12,ZWHDPUS,724,Number,2011-12-01,2011,12,HDD
2012-01,ZWHDPUS,763,Number,2012-01-01,2012,1,HDD
2012-02,ZWHDPUS,629,Number,2012-02-01,2012,2,HDD
2012-03,ZWHDPUS,381,Number,2012-03-01,2012,3,HDD
2012-04,ZWHDPUS,292,Number,2012-04-01,2012,4,HDD
2012-05,ZWHDPUS,99,Number,2012-05-01,2012,5,HDD
2012-06,ZWHDPUS,31,Number,2012-06-01,2012,6,HDD
2012-07,ZWHDPUS,5,Number,2012-07-01,2012,7,HDD
2012-08,ZWHDPUS,9,Number,2012-08-01,2012,8,HDD
2012-09,ZWHDPUS,61,Number,2012-09-01,2012,9,HDD
2012-10,ZWHDPUS,262,Number,2012-10-01,2012,10,HDD
2012-11,ZWHDPUS,541,Number,2012-11-01,2012,11,HDD
2012-12,ZWHDPUS,699,Number,2012-12-01,2012,12,HDD
2013-01,ZWHDPUS,829,Number,2013-01-01,2013,1,HDD
2013-02,ZWHDPUS,734,Number,2013-02-01,2013,2,HDD
2013-03,ZWHDPUS,660,Number,2013-03-01,2013,3,HDD
2013-04,ZWHDPUS,348,Number,2013-04-01,2013,4,HDD
2013-05,ZWHDPUS,136,Number,2013-05-01,2013,5,HDD
2013-06,ZWHDPUS,26,Number,2013-06-01,2013,6,HDD
2013-07,ZWHDPUS,5,Number,2013-07-01,2013,7,HDD
2013-08,ZWHDPUS,12,Number,2013-08-01,2013,8,HDD
2013-09,ZWHDPUS,59,Number,2013-09-01,2013,9,HDD
2013-10,ZWHDPUS,258,Number,2013-10-01,2013,10,HDD
2013-11,ZWHDPUS,573,Number,2013-11-01,2013,11,HDD
2013-12,ZWHDPUS,830,Number,2013-12-01,2013,12,HDD
2014-01,ZWHDPUS,972,Number,2014-01-01,2014,1,HDD
2014-02,ZWHDPUS,800,Number,2014-02-01,2014,2,HDD
2014-03,ZWHDPUS,684,Number,2014-03-01,2014,3,HDD
2014-04,ZWHDPUS,325,Number,2014-04-01,2014,4,HDD
2014-05,ZWHDPUS,127,Number,2014-05-01,2014,5,HDD
2014-06,ZWHDPUS,28,Number,2014-06-01,2014,6,HDD
2014-07,ZWHDPUS,10,Number,2014-07-01,2014,7,HDD
2014-08,ZWHDPUS,13,Number,2014-08-01,2014,8,HDD
2014-09,ZWHDPUS,57,Number,2014-09-01,2014,9,HDD
2014-10,ZWHDPUS,221,Number,2014-10-01,2014,10,HDD
2014-11,ZWHDPUS,615,Number,2014-11-01,2014,11,HDD
2014-12,ZWHDPUS,707,Number,2014-12-01,2014,12,HDD
2015-01,ZWHDPUS,892,Number,2015-01-01,2015,1,HDD
2015-02,ZWHDPUS,869,Number,2015-02-01,2015,2,HDD
2015-03,ZWHDPUS,585,Number,2015-03-01,2015,3,HDD
2015-04,ZWHDPUS,300,Number,2015-04-01,2015,4,HDD
2015-05,ZWHDPUS,119,Number,2015-05-01,2015,5,HDD
2015-06,ZWHDPUS,24,Number,2015-06-01,2015,6,HDD
2015-07,ZWHDPUS,6,Number,2015-07-01,2015,7,HDD
2015-08,ZWHDPUS,11,Number,2015-08-01,2015,8,HDD
2015-09,ZWHDPUS,32,Number,2015-09-01,2015,9,HDD
2015-10,ZWHDPUS,228,Number,2015-10-01,2015,10,HDD
2015-11,ZWHDPUS,446,Number,2015-11-01,2015,11,HDD
2015-12,ZWHDPUS,582,Number,2015-12-01,2015,12,HDD
2016-01,ZWHDPUS,872,Number,2016-01-01,2016,1,HDD
2016-02,ZWHDPUS,630,Number,2016-02-01,2016,2,HDD
2016-03,ZWHDPUS,451,Number,2016-03-01,2016,3,HDD
2016-04,ZWHDPUS,310,Number,2016-04-01,2016,4,HDD
2016-05,ZWHDPUS,151,Number,2016-05-01,2016,5,HDD
2016-06,ZWHDPUS,21,Number,2016-06-01,2016,6,HDD
2016-07,ZWHDPUS,6,Number,2016-07-01,2016,7,HDD
2016-08,ZWHDPUS,6,Number,2016-08-01,2016,8,HDD
2016-09,ZWHDPUS,39,Number,2016-09-01,2016,9,HDD
2016-10,ZWHDPUS,198,Number,2016-10-01,2016,10,HDD
2016-11,ZWHDPUS,419,Number,2016-11-01,2016,11,HDD
2016-12,ZWHDPUS,784,Number,2016-12-01,2016,12,HDD
2017-01,ZWHDPUS,768,Number,2017-01-01,2017,1,HDD
2017-02,ZWHDPUS,549,Number,2017-02-01,2017,2,HDD
2017-03,ZWHDPUS,545,Number,2017-03-01,2017,3,HDD
2017-04,ZWHDPUS,248,Number,2017-04-01,2017,4,HDD
2017-05,ZWHDPUS,154,Number,2017-05-01,2017,5,HDD
2017-06,ZWHDPUS,25,Number,2017-06-01,2017,6,HDD
2017-07,ZWHDPUS,5,Number,2017-07-01,2017,7,HDD
2017-08,ZWHDPUS,15,Number,2017-08-01,2017,8,HDD
2017-09,ZWHDPUS,44,Number,2017-09-01,2017,9,HDD
2017-10,ZWHDPUS,193,Number,2017-10-01,2017,10,HDD
2017-11,ZWHDPUS,492,Number,2017-11-01,2017,11,HDD
2017-12,ZWHDPUS,800,Number,2017-12-01,2017,12,HDD
2018-01,ZWHDPUS,899,Number,2018-01-01,2018,1,HDD
2018-02,ZWHDPUS,627,Number,2018-02-01,2018,2,HDD
2018-03,ZWHDPUS,611,Number,2018-03-01,2018,3,HDD
2018-04,ZWHDPUS,412,Number,2018-04-01,2018,4,HDD
2018-05,ZWHDPUS,86,Number,2018-05-01,2018,5,HDD
2018-06,ZWHDPUS,26,Number,2018-06-01,2018,6,HDD
2018-07,ZWHDPUS,4,Number,2018-07-01,2018,7,HDD
2018-08,ZWHDPUS,7,Number,2018-08-01,2018,8,HDD
2018-09,ZWHDPUS,38,Number,2018-09-01,2018,9,HDD
2018-10,ZWHDPUS,254,Number,2018-10-01,2018,10,HDD
2018-11,ZWHDPUS,595,Number,2018-11-01,2018,11,HDD
2018-12,ZWHDPUS,733,Number,2018-12-01,2018,12,HDD
2019-01,ZWHDPUS,861,Number,2019-01-01,2019,1,HDD
2019-02,ZWHDPUS,721,Number,2019-02-01,2019,2,HDD
2019-03,ZWHDPUS,634,Number,2019-03-01,2019,3,HDD
2019-04,ZWHDPUS,289,Number,2019-04-01,2019,4,HDD
2019-05,ZWHDPUS,159,Number,2019-05-01,2019,5,HDD
2019-06,ZWHDPUS,34,Number,2019-06-01,2019,6,HDD
2019-07,ZWHDPUS,5,Number,2019-07-01,2019,7,HDD
2019-08,ZWHDPUS,10,Number,2019-08-01,2019,8,HDD
2019-09,ZWHDPUS,41,Number,2019-09-01,2019,9,HDD
2019-10,ZWHDPUS,255,Number,2019-10-01,2019,10,HDD
2019-11,ZWHDPUS,591,Number,2019-11-01,2019,11,HDD
2019-12,ZWHDPUS,717,Number,2019-12-01,2019,12,HDD
2020-01,ZWHDPUS,741,Number,2020-01-01,2020,1,HDD
2020-02,ZWHDPUS,653,Number,2020-02-01,2020,2,HDD
2020-03,ZWHDPUS,485,Number,2020-03-01,2020,3,HDD
2020-04,ZWHDPUS,360,Number,2020-04-01,2020,4,HDD
2020-05,ZWHDPUS,157,Number,2020-05-01,2020,5,HDD
2020-06,ZWHDPUS,25,Number,2020-06-01,2020,6,HDD
2020-07,ZWHDPUS,5,Number,2020-07-01,2020,7,HDD
2020-08,ZWHDPUS,7,Number,2020-08-01,2020,8,HDD
2020-09,ZWHDPUS,58,Number,2020-09-01,2020,9,HDD
2020-10,ZWHDPUS,248,Number,2020-10-01,2020,10,HDD
2020-11,ZWHDPUS,423,Number,2020-11-01,2020,11,HDD
2020-12,ZWHDPUS,751,Number,2020-12-01,2020,12,HDD
2021-01,ZWHDPUS,805,Number,2021-01-01,2021,1,HDD
2021-02,ZWHDPUS,794,Number,2021-02-01,2021,2,HDD
2021-03,ZWHDPUS,508,Number,2021-03-01,2021,3,HDD
2021-04,ZWHDPUS,308,Number,2021-04-01,2021,4,HDD
2021-05,ZWHDPUS,151,Number,2021-05-01,2021,5,HDD
2021-06,ZWHDPUS,12,Number,2021-06-01,2021,6,HDD
2021-07,ZWHDPUS,5,Number,2021-07-01,2021,7,HDD
2021-08,ZWHDPUS,6,Number,2021-08-01,2021,8,HDD
2021-09,ZWHDPUS,40,Number,2021-09-01,2021,9,HDD
2021-10,ZWHDPUS,180,Number,2021-10-01,2021,10,HDD
2021-11,ZWHDPUS,509,Number,2021-11-01,2021,11,HDD
2021-12,ZWHDPUS,616,Number,2021-12-01,2021,12,HDD
2022-01,ZWHDPUS,914,Number,2022-01-01,2022,1,HDD
2022-02,ZWHDPUS,712,Number,2022-02-01,2022,2,HDD
2022-03,ZWHDPUS,525,Number,2022-03-01,2022,3,HDD
2022-04,ZWHDPUS,342,Number,2022-04-01,2022,4,HDD
2022-05,ZWHDPUS,122,Number,2022-05-01,2022,5,HDD
2022-06,ZWHDPUS,26,Number,2022-06-01,2022,6,HDD
2022-07,ZWHDPUS,4,Number,2022-07-01,2022,7,HDD
2022-08,ZWHDPUS,6,Number,2022-08-01,2022,8,HDD
2022-09,ZWHDPUS,44,Number,2022-09-01,2022,9,HDD
2022-10,ZWHDPUS,257,Number,2022-10-01,2022,10,HDD
2022-11,ZWHDPUS,511,Number,2022-11-01,2022,11,HDD
2022-12,ZWHDPUS,781,Number,2022-12-01,2022,12,HDD
2023-01,ZWHDPUS,715,Number,2023-01-01,2023,1,HDD
2023-02,ZWHDPUS,621,Number,2023-02-01,2023,2,HDD
2023-03,ZWHDPUS,585,Number,2023-03-01,2023,3,HDD
2023-04,ZWHDPUS,297,Number,2023-04-01,2023,4,HDD
2023-05,ZWHDPUS,145,Number,2023-05-01,2023,5,HDD
2023-06,ZWHDPUS,43,Number,2023-06-01,2023,6,HDD
2023-07,ZWHDPUS,5,Number,2023-07-01,2023,7,HDD
2023-08,ZWHDPUS,10,Number,2023-08-01,2023,8,HDD
2023-09,ZWHDPUS,46,Number,2023-09-01,2023,9,HDD
2023-10,ZWHDPUS,207,Number,2023-10-01,2023,10,HDD
2023-11,ZWHDPUS,505,Number,2023-11-01,2023,11,HDD
2023-12,ZWHDPUS,624,Number,2023-12-01,2023,12,HDD
2024-01,ZWHDPUS,840,Number,2024-01-01,2024,1,HDD
2024-02,ZWHDPUS,576,Number,2024-02-01,2024,2,HDD
2024-03,ZWHDPUS,489,Number,2024-03-01,2024,3,HDD
2024-04,ZWHDPUS,281,Number,2024-04-01,2024,4,HDD
2024-05,ZWHDPUS,114,Number,2024-05-01,2024,5,HDD
2024-06,ZWHDPUS,20,Number,2024-06-01,2024,6,HDD
2024-07,ZWHDPUS,4,Number,2024-07-01,2024,7,HDD
2024-08,ZWHDPUS,9,Number,2024-08-01,2024,8,HDD
2024-09,ZWHDPUS,37,Number,2024-09-01,2024,9,HDD
2024-10,ZWHDPUS,186,Number,2024-10-01,2024,10,HDD
2024-11,ZWHDPUS,430,Number,2024-11-01,2024,11,HDD
2024-12,ZWHDPUS,704,Number,2024-12-01,2024,12,HDD
2025-01,ZWHDPUS,947,Number,2025-01-01,2025,1,HDD
2025-02,ZWHDPUS,686,Number,2025-02-01,2025,2,HDD
2025-03,ZWHDPUS,470,Number,2025-03-01,2025,3,HDD
2025-04,ZWHDPUS,279,Number,2025-04-01,2025,4,HDD
2025-05,ZWHDPUS,136,Number,2025-05-01,2025,5,HDD
2025-06,ZWHDPUS,20,Number,2025-06-01,2025,6,HDD
2025-07,ZWHDPUS,4,Number,2025-07-01,2025,7,HDD
2025-08,ZWHDPUS,11,Number,2025-08-01,2025,8,HDD
2025-09,ZWHDPUS,40,Number,2025-09-01,2025,9,HDD
2025-10,ZWHDPUS,215,Number,2025-10-01,2025,10,HDD
